chr	start	end	width	strand	gene_id	geneSymbol	Promoter5hmCUnique	GeneBody5hmCUnique	Diff5hmCGeneTCvsLT	Diff5mCGeneTCvsLT	DiffExpressionTCvsLT	GOrelated
chr1	1278436	1280935	2500	+	6339	SCNN1D	TRUE	FALSE	TRUE	FALSE	FALSE	FALSE
chr1	1406794	1409293	2500	-	55052	MRPL20	TRUE	TRUE	FALSE	FALSE	FALSE	TRUE
chr1	8866091	8868590	2500	-	102465436	MIR6728	TRUE	FALSE	FALSE	FALSE	FALSE	FALSE
chr1	10472030	10474529	2500	-	1676	DFFA	TRUE	FALSE	FALSE	FALSE	FALSE	FALSE
chr1	11662200	11664699	2500	+	26270	FBXO6	TRUE	FALSE	FALSE	FALSE	FALSE	FALSE
chr1	12017466	12019965	2500	+	60672	MIIP	TRUE	FALSE	FALSE	FALSE	FALSE	FALSE
chr1	15540165	15542664	2500	+	107397391	SCARNA21B	TRUE	FALSE	FALSE	FALSE	FALSE	FALSE
chr1	18896649	18899148	2500	-	100302276	MIR1290	TRUE	FALSE	FALSE	FALSE	FALSE	FALSE
chr1	21507397	21509896	2500	+	249	ALPL	TRUE	FALSE	FALSE	FALSE	TRUE	TRUE
chr1	23980428	23982927	2500	-	10772	SRSF10	TRUE	FALSE	FALSE	FALSE	FALSE	FALSE
chr1	28327002	28329501	2500	+	54797	MED18	TRUE	FALSE	FALSE	FALSE	FALSE	FALSE
chr1	28503943	28506442	2500	+	1104	RCC1	TRUE	FALSE	FALSE	FALSE	FALSE	TRUE
chr1	34779214	34781713	2500	+	2707	GJB3	TRUE	FALSE	FALSE	FALSE	FALSE	FALSE
chr1	40689648	40692147	2500	+	4802	NFYC	TRUE	FALSE	FALSE	FALSE	FALSE	TRUE
chr1	42815122	42817621	2500	+	114625	ERMAP	TRUE	FALSE	FALSE	FALSE	FALSE	FALSE
chr1	45542233	45544732	2500	-	5052	PRDX1	TRUE	FALSE	FALSE	FALSE	FALSE	TRUE
chr1	45548543	45551042	2500	+	10327	AKR1A1	TRUE	FALSE	FALSE	FALSE	FALSE	TRUE
chr1	47021669	47024168	2500	+	260293	CYP4X1	TRUE	FALSE	FALSE	FALSE	FALSE	TRUE
chr1	51878438	51880937	2500	-	4898	NRDC	TRUE	FALSE	FALSE	FALSE	FALSE	TRUE
chr1	52925276	52927775	2500	+	6342	SCP2	TRUE	FALSE	FALSE	FALSE	FALSE	TRUE
chr1	67429916	67432415	2500	-	26135	SERBP1	TRUE	FALSE	FALSE	FALSE	FALSE	FALSE
chr1	67832968	67835467	2500	-	55970	GNG12	TRUE	FALSE	FALSE	FALSE	FALSE	FALSE
chr1	75747497	75749996	2500	+	5876	RABGGTB	TRUE	FALSE	FALSE	FALSE	FALSE	FALSE
chr1	77682920	77685419	2500	-	26009	ZZZ3	TRUE	FALSE	FALSE	FALSE	FALSE	FALSE
chr1	109088764	109091263	2500	+	56900	TMEM167B	TRUE	FALSE	FALSE	FALSE	FALSE	FALSE
chr1	109397419	109399918	2500	-	6272	SORT1	TRUE	FALSE	FALSE	FALSE	FALSE	TRUE
chr1	112921423	112923922	2500	+	246182	AKR7A2P1	TRUE	FALSE	FALSE	FALSE	FALSE	FALSE
chr1	113758990	113761489	2500	-	10745	PHTF1	TRUE	FALSE	FALSE	FALSE	FALSE	FALSE
chr1	113904702	113907201	2500	-	10717	AP4B1	TRUE	FALSE	FALSE	FALSE	FALSE	FALSE
chr1	119811081	119813580	2500	-	83998	REG4	TRUE	FALSE	FALSE	FALSE	FALSE	FALSE
chr1	145405279	145407778	2500	-	100288142	NBPF20	TRUE	FALSE	FALSE	FALSE	FALSE	FALSE
chr1	148806181	148808680	2500	+	9659	PDE4DIP	TRUE	FALSE	FALSE	FALSE	FALSE	FALSE
chr1	149103062	149105561	2500	-	400818	NBPF9	TRUE	FALSE	FALSE	FALSE	FALSE	FALSE
chr1	151034321	151036820	2500	+	149428	BNIPL	TRUE	FALSE	FALSE	FALSE	FALSE	TRUE
chr1	153726050	153728549	2500	+	65123	INTS3	TRUE	FALSE	FALSE	FALSE	FALSE	FALSE
chr1	154270589	154273088	2500	+	10456	HAX1	TRUE	FALSE	FALSE	FALSE	FALSE	TRUE
chr1	160285849	160288348	2500	-	5824	PEX19	TRUE	FALSE	FALSE	FALSE	FALSE	FALSE
chr1	161038463	161040962	2500	-	50848	F11R	TRUE	FALSE	FALSE	FALSE	FALSE	FALSE
chr1	161213234	161215733	2500	+	2207	FCER1G	TRUE	FALSE	FALSE	FALSE	FALSE	FALSE
chr1	176206787	176209286	2500	-	64326	COP1	TRUE	FALSE	FALSE	FALSE	FALSE	FALSE
chr1	183590377	183592876	2500	-	4688	NCF2	TRUE	FALSE	FALSE	FALSE	FALSE	FALSE
chr1	193119983	193122482	2500	+	79577	CDC73	TRUE	FALSE	FALSE	FALSE	FALSE	FALSE
chr1	200400206	200402705	2500	-	554279	LINC00862	TRUE	FALSE	FALSE	FALSE	FALSE	FALSE
chr1	201508957	201511456	2500	-	1465	CSRP1	TRUE	FALSE	FALSE	FALSE	FALSE	FALSE
chr1	203624787	203627286	2500	+	493	ATP2B4	TRUE	FALSE	FALSE	FALSE	FALSE	TRUE
chr1	204514379	204516878	2500	+	4194	MDM4	TRUE	FALSE	FALSE	FALSE	FALSE	FALSE
chr1	205631512	205634011	2500	-	2005	ELK4	TRUE	FALSE	FALSE	FALSE	FALSE	FALSE
chr1	206611966	206614465	2500	-	1939	EIF2D	TRUE	FALSE	FALSE	FALSE	FALSE	FALSE
chr1	207086860	207089359	2500	+	725	C4BPB	TRUE	FALSE	FALSE	FALSE	TRUE	FALSE
chr1	212033553	212036052	2500	+	51514	DTL	TRUE	FALSE	FALSE	FALSE	FALSE	TRUE
chr1	212283410	212285909	2500	+	5525	PPP2R5A	TRUE	FALSE	FALSE	FALSE	FALSE	FALSE
chr1	212350816	212353315	2500	+	692157	SNORA16B	TRUE	FALSE	FALSE	FALSE	FALSE	FALSE
chr1	224397812	224400311	2500	-	100616468	MIR4742	TRUE	FALSE	FALSE	FALSE	FALSE	FALSE
chr1	228485382	228487881	2500	+	149603	RNF187	TRUE	FALSE	FALSE	FALSE	FALSE	FALSE
chr1	235852561	235855060	2500	-	100302139	MIR1537	TRUE	FALSE	FALSE	FALSE	FALSE	FALSE
chr1	236516000	236518499	2500	+	3964	LGALS8	TRUE	FALSE	FALSE	FALSE	FALSE	FALSE
chr1	236524009	236526508	2500	-	100287902	LGALS8-AS1	TRUE	FALSE	FALSE	FALSE	FALSE	FALSE
chr10	132465	134964	2500	+	10771	ZMYND11	TRUE	FALSE	FALSE	FALSE	FALSE	FALSE
chr10	12042671	12045170	2500	-	26019	UPF2	TRUE	FALSE	FALSE	FALSE	FALSE	FALSE
chr10	25061780	25064279	2500	-	219670	ENKUR	TRUE	FALSE	FALSE	FALSE	FALSE	FALSE
chr10	29736460	29738959	2500	-	6840	SVIL	TRUE	FALSE	FALSE	FALSE	FALSE	FALSE
chr10	35124791	35127290	2500	+	1390	CREM	TRUE	FALSE	FALSE	FALSE	FALSE	TRUE
chr10	43416939	43419438	2500	-	109616985	SNORD3J	TRUE	FALSE	FALSE	FALSE	FALSE	FALSE
chr10	69121512	69124011	2500	+	9559	VPS26A	TRUE	FALSE	FALSE	FALSE	FALSE	FALSE
chr10	70132435	70134934	2500	-	84883	AIFM2	TRUE	FALSE	TRUE	FALSE	FALSE	TRUE
chr10	78031760	78034259	2500	+	6229	RPS24	TRUE	FALSE	FALSE	FALSE	FALSE	FALSE
chr10	97334230	97336729	2500	-	23401	FRAT2	TRUE	FALSE	FALSE	FALSE	FALSE	FALSE
chr10	102119869	102122368	2500	-	8861	LDB1	TRUE	FALSE	FALSE	FALSE	FALSE	FALSE
chr10	102432085	102434584	2500	-	79004	CUEDC2	TRUE	FALSE	FALSE	FALSE	FALSE	TRUE
chr10	102867470	102869969	2500	+	57412	AS3MT	TRUE	FALSE	FALSE	FALSE	FALSE	TRUE
chr10	104266873	104269372	2500	+	119391	GSTO2	TRUE	FALSE	FALSE	FALSE	FALSE	TRUE
chr10	104267906	104270405	2500	-	100616323	MIR4482	TRUE	FALSE	FALSE	FALSE	FALSE	FALSE
chr10	112372018	112374517	2500	+	51703	ACSL5	TRUE	FALSE	FALSE	FALSE	FALSE	TRUE
chr10	119080324	119082823	2500	-	8661	EIF3A	TRUE	FALSE	FALSE	FALSE	FALSE	FALSE
chr11	9458319	9460818	2500	+	7702	ZNF143	TRUE	FALSE	FALSE	FALSE	FALSE	FALSE
chr11	9571670	9574169	2500	+	7465	WEE1	TRUE	FALSE	FALSE	FALSE	FALSE	FALSE
chr11	18385787	18388286	2500	+	100423016	MIR3159	TRUE	FALSE	FALSE	FALSE	FALSE	FALSE
chr11	18392560	18395059	2500	+	3939	LDHA	TRUE	FALSE	FALSE	FALSE	FALSE	TRUE
chr11	22625324	22627823	2500	-	2188	FANCF	TRUE	FALSE	FALSE	FALSE	FALSE	FALSE
chr11	46593626	46596125	2500	-	55626	AMBRA1	TRUE	FALSE	FALSE	FALSE	FALSE	TRUE
chr11	47642108	47644607	2500	-	23788	MTCH2	TRUE	FALSE	FALSE	FALSE	FALSE	TRUE
chr11	63490695	63493194	2500	-	117245	PLAAT5	TRUE	FALSE	FALSE	FALSE	FALSE	FALSE
chr11	65504117	65506616	2500	+	109136578	MASCRNA	TRUE	FALSE	FALSE	FALSE	FALSE	FALSE
chr11	66934007	66936506	2500	-	100423029	MIR3163	TRUE	FALSE	FALSE	FALSE	FALSE	FALSE
chr11	66973277	66975776	2500	+	254439	C11orf86	TRUE	FALSE	FALSE	FALSE	FALSE	FALSE
chr11	83191712	83194211	2500	+	338699	ANKRD42	TRUE	FALSE	FALSE	FALSE	FALSE	FALSE
chr11	93731634	93734133	2500	-	677792	SNORA1	TRUE	FALSE	FALSE	FALSE	FALSE	FALSE
chr11	93732000	93734499	2500	-	654320	SNORA8	TRUE	FALSE	FALSE	FALSE	FALSE	FALSE
chr11	93732801	93735300	2500	-	692072	SNORD5	TRUE	FALSE	FALSE	FALSE	FALSE	FALSE
chr11	110353130	110355629	2500	+	105369486	LINC02732	TRUE	FALSE	FALSE	FALSE	FALSE	FALSE
chr11	114255787	114258286	2500	+	4837	NNMT	TRUE	FALSE	FALSE	FALSE	TRUE	TRUE
chr11	122556222	122558721	2500	-	399959	MIR100HG	TRUE	FALSE	FALSE	FALSE	FALSE	FALSE
chr11	125567280	125569779	2500	+	9538	EI24	TRUE	FALSE	FALSE	FALSE	FALSE	TRUE
chr11	126281065	126283564	2500	+	114609	TIRAP	TRUE	FALSE	FALSE	FALSE	FALSE	FALSE
chr12	9115730	9118229	2500	-	2	A2M	TRUE	FALSE	FALSE	FALSE	FALSE	FALSE
chr12	10361638	10364137	2500	+	101928100	KLRK1-AS1	TRUE	FALSE	FALSE	FALSE	FALSE	FALSE
chr12	27779737	27782236	2500	-	100287284	MANSC4	TRUE	FALSE	FALSE	FALSE	FALSE	FALSE
chr12	32397529	32400028	2500	+	121512	FGD4	TRUE	FALSE	FALSE	FALSE	FALSE	FALSE
chr12	32677200	32679699	2500	+	10059	DNM1L	TRUE	FALSE	FALSE	FALSE	FALSE	TRUE
chr12	47215957	47218456	2500	-	100233209	PCED1B-AS1	TRUE	FALSE	FALSE	FALSE	FALSE	FALSE
chr12	49705725	49708224	2500	+	7009	TMBIM6	TRUE	FALSE	TRUE	FALSE	FALSE	TRUE
chr12	50283047	50285546	2500	-	51474	LIMA1	TRUE	FALSE	FALSE	FALSE	FALSE	TRUE
chr12	50951922	50954421	2500	+	613227	HIGD1C	TRUE	FALSE	FALSE	FALSE	FALSE	FALSE
chr12	51172636	51175135	2500	-	7024	TFCP2	TRUE	FALSE	FALSE	FALSE	FALSE	FALSE
chr12	53266299	53268798	2500	+	9700	ESPL1	TRUE	FALSE	FALSE	FALSE	FALSE	FALSE
chr12	53676909	53679408	2500	-	517	ATP5MC2	TRUE	FALSE	FALSE	FALSE	FALSE	TRUE
chr12	54279634	54282133	2500	-	23468	CBX5	TRUE	FALSE	FALSE	FALSE	FALSE	TRUE
chr12	54260615	54263114	2500	+	112935960	SCAT2	TRUE	FALSE	FALSE	FALSE	FALSE	FALSE
chr12	56150256	56152755	2500	+	140465	MYL6B	TRUE	FALSE	FALSE	FALSE	FALSE	FALSE
chr12	56687909	56690408	2500	-	10728	PTGES3	TRUE	FALSE	FALSE	FALSE	FALSE	TRUE
chr12	95216983	95219482	2500	-	55785	FGD6	TRUE	FALSE	FALSE	FALSE	FALSE	FALSE
chr12	95995866	95998365	2500	-	3034	HAL	TRUE	FALSE	FALSE	FALSE	TRUE	TRUE
chr12	96043021	96045520	2500	-	4048	LTA4H	TRUE	FALSE	FALSE	FALSE	FALSE	TRUE
chr12	98515923	98518422	2500	-	100128191	TMPO-AS1	TRUE	FALSE	FALSE	FALSE	FALSE	FALSE
chr12	100142375	100144874	2500	-	23074	UHRF1BP1L	TRUE	FALSE	FALSE	FALSE	FALSE	FALSE
chr12	105235704	105238203	2500	-	55198	APPL2	TRUE	FALSE	FALSE	FALSE	FALSE	FALSE
chr12	108856932	108859431	2500	+	1610	DAO	TRUE	FALSE	FALSE	FALSE	TRUE	TRUE
chr12	110449923	110452422	2500	-	10094	ARPC3	TRUE	FALSE	FALSE	FALSE	FALSE	FALSE
chr12	111032165	111034664	2500	+	23316	CUX2	TRUE	FALSE	FALSE	FALSE	TRUE	FALSE
chr12	118372408	118374907	2500	-	51347	TAOK3	TRUE	FALSE	FALSE	FALSE	FALSE	FALSE
chr12	122525246	122527745	2500	+	9735	KNTC1	TRUE	FALSE	FALSE	FALSE	FALSE	FALSE
chr12	131947942	131950441	2500	+	57634	EP400	TRUE	FALSE	FALSE	FALSE	FALSE	FALSE
chr13	48532757	48535256	2500	-	1102	RCBTB2	TRUE	FALSE	FALSE	FALSE	FALSE	FALSE
chr14	21040316	21042815	2500	+	84659	RNASE7	TRUE	FALSE	FALSE	FALSE	FALSE	FALSE
chr14	52695401	52697900	2500	-	30001	ERO1A	TRUE	FALSE	FALSE	FALSE	FALSE	TRUE
chr14	58425385	58427884	2500	+	9786	KIAA0586	TRUE	FALSE	FALSE	FALSE	FALSE	FALSE
chr14	67699886	67702385	2500	+	145226	RDH12	TRUE	FALSE	FALSE	FALSE	FALSE	TRUE
chr14	67817779	67820278	2500	+	5890	RAD51B	TRUE	FALSE	FALSE	FALSE	FALSE	FALSE
chr14	73535143	73537642	2500	+	641371	ACOT1	TRUE	FALSE	FALSE	FALSE	FALSE	TRUE
chr14	77376595	77379094	2500	-	283578	TMED8	TRUE	FALSE	FALSE	FALSE	FALSE	FALSE
chr14	90695333	90697832	2500	+	105370622	LOC105370622	TRUE	FALSE	FALSE	FALSE	FALSE	FALSE
chr15	59657042	59659541	2500	-	2958	GTF2A2	TRUE	FALSE	FALSE	FALSE	FALSE	FALSE
chr15	60402384	60404883	2500	-	302	ANXA2	TRUE	FALSE	FALSE	FALSE	FALSE	FALSE
chr15	60679564	60682063	2500	+	100996876	RORA-AS2	TRUE	FALSE	FALSE	FALSE	FALSE	FALSE
chr15	69568785	69571284	2500	+	104472713	PCAT29	TRUE	FALSE	FALSE	FALSE	FALSE	FALSE
chr15	75280835	75283334	2500	+	653643	GOLGA6D	TRUE	FALSE	FALSE	FALSE	FALSE	FALSE
chr15	79896880	79899379	2500	-	10588	MTHFS	TRUE	FALSE	FALSE	FALSE	FALSE	TRUE
chr15	85378571	85381070	2500	+	11214	AKAP13	TRUE	FALSE	FALSE	FALSE	FALSE	FALSE
chr15	89883531	89886030	2500	-	100846993	MIR5009	TRUE	FALSE	FALSE	FALSE	FALSE	FALSE
chr15	90158604	90161103	2500	+	10509	SEMA4B	TRUE	FALSE	FALSE	FALSE	FALSE	FALSE
chr15	101277001	101279500	2500	-	55829	SELENOS	TRUE	FALSE	FALSE	FALSE	FALSE	TRUE
chr16	394725	397224	2500	+	4833	NME4	TRUE	FALSE	FALSE	FALSE	FALSE	TRUE
chr16	8672596	8675095	2500	+	18	ABAT	TRUE	FALSE	TRUE	FALSE	FALSE	TRUE
chr16	20407534	20410033	2500	+	54988	ACSM5	TRUE	FALSE	FALSE	FALSE	TRUE	TRUE
chr16	25213731	25216230	2500	+	343	AQP8	TRUE	FALSE	FALSE	FALSE	FALSE	FALSE
chr16	28686558	28689057	2500	+	8663	EIF3C	TRUE	FALSE	FALSE	FALSE	FALSE	FALSE
chr16	29788719	29791218	2500	+	3835	KIF22	TRUE	FALSE	FALSE	FALSE	FALSE	FALSE
chr16	30245378	30247877	2500	-	613037	NPIPB13	TRUE	FALSE	FALSE	FALSE	FALSE	FALSE
chr16	30470658	30473157	2500	+	3683	ITGAL	TRUE	FALSE	FALSE	FALSE	FALSE	FALSE
chr16	48247069	48249568	2500	-	85320	ABCC11	TRUE	FALSE	FALSE	FALSE	FALSE	FALSE
chr16	57862554	57865053	2500	-	3801	KIFC3	TRUE	FALSE	FALSE	FALSE	FALSE	FALSE
chr16	58733843	58736342	2500	-	2806	GOT2	TRUE	FALSE	FALSE	FALSE	FALSE	TRUE
chr16	67936365	67938864	2500	-	5699	PSMB10	TRUE	FALSE	FALSE	FALSE	FALSE	FALSE
chr16	69129291	69131790	2500	+	84916	UTP4	TRUE	FALSE	FALSE	FALSE	FALSE	FALSE
chr16	72006588	72009087	2500	+	1723	DHODH	TRUE	FALSE	FALSE	FALSE	FALSE	TRUE
chr16	73891372	73893871	2500	-	463	ZFHX3	TRUE	FALSE	FALSE	FALSE	FALSE	FALSE
chr17	6712878	6715377	2500	-	284111	SLC13A5	TRUE	FALSE	FALSE	FALSE	TRUE	FALSE
chr17	7179065	7181564	2500	-	432	ASGR1	TRUE	FALSE	TRUE	FALSE	TRUE	FALSE
chr17	7882796	7885295	2500	+	1107	CHD3	TRUE	FALSE	FALSE	FALSE	FALSE	FALSE
chr17	18363064	18365563	2500	-	6470	SHMT1	TRUE	FALSE	FALSE	FALSE	FALSE	TRUE
chr17	18695998	18698497	2500	+	147166	TRIM16L	TRUE	FALSE	FALSE	FALSE	FALSE	FALSE
chr17	18742026	18744525	2500	+	10517	FBXW10	TRUE	FALSE	FALSE	FALSE	FALSE	FALSE
chr17	28720582	28723081	2500	+	26773	SNORD4A	TRUE	FALSE	FALSE	FALSE	FALSE	FALSE
chr17	28721429	28723928	2500	+	26809	SNORD42A	TRUE	FALSE	FALSE	FALSE	FALSE	FALSE
chr17	29388363	29390862	2500	+	57551	TAOK1	TRUE	FALSE	FALSE	FALSE	FALSE	FALSE
chr17	30116673	30119172	2500	-	100423003	MIR3184	TRUE	FALSE	FALSE	FALSE	FALSE	FALSE
chr17	31092927	31095426	2500	+	4763	NF1	TRUE	FALSE	FALSE	FALSE	FALSE	FALSE
chr17	39450773	39453272	2500	-	5469	MED1	TRUE	FALSE	TRUE	FALSE	FALSE	FALSE
chr17	41835761	41838260	2500	-	115024	NT5C3B	TRUE	FALSE	FALSE	FALSE	FALSE	TRUE
chr17	41833685	41836184	2500	+	317719	KLHL10	TRUE	FALSE	FALSE	FALSE	FALSE	FALSE
chr17	43168481	43170980	2500	+	4077	NBR1	TRUE	FALSE	FALSE	FALSE	FALSE	TRUE
chr17	43304898	43307397	2500	-	100874261	CCDC200	TRUE	FALSE	FALSE	FALSE	FALSE	FALSE
chr17	43299732	43302231	2500	-	6066	RNU2-1	TRUE	FALSE	FALSE	FALSE	FALSE	FALSE
chr17	44067120	44069619	2500	-	124801	LSM12	TRUE	FALSE	FALSE	FALSE	FALSE	FALSE
chr17	48100979	48103478	2500	-	10951	CBX1	TRUE	FALSE	FALSE	FALSE	FALSE	FALSE
chr17	48156012	48158511	2500	-	100302211	MIR1203	TRUE	FALSE	FALSE	FALSE	FALSE	FALSE
chr17	59195566	59198065	2500	+	55181	SMG8	TRUE	FALSE	FALSE	FALSE	FALSE	FALSE
chr17	61863029	61865528	2500	-	83990	BRIP1	TRUE	FALSE	FALSE	FALSE	FALSE	TRUE
chr17	64413277	64415776	2500	-	5175	PECAM1	TRUE	FALSE	FALSE	FALSE	FALSE	FALSE
chr17	66191634	66194133	2500	-	201134	CEP112	TRUE	FALSE	FALSE	FALSE	FALSE	FALSE
chr17	68600868	68603367	2500	-	54757	FAM20A	TRUE	FALSE	FALSE	FALSE	TRUE	FALSE
chr17	76097577	76100076	2500	-	102466753	MIR6868	TRUE	FALSE	FALSE	FALSE	FALSE	FALSE
chr17	81891087	81893586	2500	-	10189	ALYREF	TRUE	FALSE	FALSE	FALSE	FALSE	FALSE
chr17	81961341	81963840	2500	-	147111	NOTUM	TRUE	FALSE	FALSE	FALSE	FALSE	FALSE
chr18	3601738	3604237	2500	+	84777	DLGAP1-AS2	TRUE	FALSE	FALSE	FALSE	FALSE	FALSE
chr18	24136987	24139486	2500	+	26256	CABYR	TRUE	FALSE	TRUE	FALSE	FALSE	FALSE
chr18	32089874	32092373	2500	+	51444	RNF138	TRUE	FALSE	FALSE	FALSE	FALSE	FALSE
chr18	35288282	35290781	2500	+	10778	ZNF271P	TRUE	FALSE	FALSE	FALSE	FALSE	FALSE
chr18	49460848	49463347	2500	-	54808	DYM	TRUE	FALSE	FALSE	FALSE	FALSE	FALSE
chr18	49492024	49494523	2500	-	6139	RPL17	TRUE	TRUE	FALSE	FALSE	FALSE	FALSE
chr18	49490848	49493347	2500	-	26791	SNORD58A	TRUE	FALSE	FALSE	FALSE	FALSE	FALSE
chr18	49491980	49494479	2500	-	100526842	RPL17-C18orf32	TRUE	FALSE	FALSE	FALSE	FALSE	FALSE
chr18	49491230	49493729	2500	-	26790	SNORD58B	TRUE	FALSE	FALSE	FALSE	FALSE	FALSE
chr19	1024586	1027085	2500	+	1265	CNN2	TRUE	FALSE	FALSE	FALSE	FALSE	FALSE
chr19	1094881	1097380	2500	-	5434	POLR2E	TRUE	FALSE	FALSE	FALSE	FALSE	TRUE
chr19	2358238	2360737	2500	+	360200	TMPRSS9	TRUE	FALSE	FALSE	FALSE	FALSE	FALSE
chr19	7346943	7349442	2500	+	23370	ARHGEF18	TRUE	FALSE	FALSE	FALSE	FALSE	FALSE
chr19	8502141	8504640	2500	-	84106	PRAM1	TRUE	FALSE	FALSE	FALSE	FALSE	FALSE
chr19	11666531	11669030	2500	-	664709	HNRNPA1P10	TRUE	FALSE	FALSE	FALSE	FALSE	FALSE
chr19	14061577	14064076	2500	-	342979	PALM3	TRUE	FALSE	FALSE	FALSE	FALSE	FALSE
chr19	16494394	16496893	2500	+	84167	C19orf44	TRUE	FALSE	FALSE	FALSE	FALSE	FALSE
chr19	23273722	23276221	2500	-	440519	ZNF724	TRUE	FALSE	FALSE	FALSE	FALSE	FALSE
chr19	34170504	34173003	2500	+	26065	LSM14A	TRUE	FALSE	FALSE	FALSE	FALSE	FALSE
chr19	38812446	38814945	2500	-	3960	LGALS4	TRUE	FALSE	FALSE	FALSE	FALSE	FALSE
chr19	39390655	39393154	2500	-	54623	PAF1	TRUE	FALSE	FALSE	FALSE	FALSE	FALSE
chr19	44775869	44778368	2500	+	23624	CBLC	TRUE	FALSE	FALSE	FALSE	FALSE	FALSE
chr19	49926702	49929201	2500	+	22809	ATF5	TRUE	FALSE	FALSE	FALSE	TRUE	FALSE
chr19	50344268	50346767	2500	-	256236	NAPSB	TRUE	FALSE	FALSE	FALSE	FALSE	FALSE
chr19	51750026	51752525	2500	+	2358	FPR2	TRUE	FALSE	FALSE	FALSE	FALSE	FALSE
chr19	56130599	56133098	2500	+	55311	ZNF444	TRUE	FALSE	FALSE	FALSE	FALSE	FALSE
chr19	57767655	57770154	2500	+	54807	ZNF586	TRUE	FALSE	FALSE	FALSE	FALSE	FALSE
chr2	264367	266866	2500	-	26751	SH3YL1	TRUE	FALSE	FALSE	FALSE	FALSE	FALSE
chr2	25877988	25880487	2500	-	55252	ASXL2	TRUE	FALSE	FALSE	FALSE	FALSE	FALSE
chr2	27425790	27428289	2500	+	29959	NRBP1	TRUE	FALSE	FALSE	FALSE	FALSE	FALSE
chr2	55112122	55114621	2500	-	57142	RTN4	TRUE	FALSE	FALSE	FALSE	FALSE	TRUE
chr2	65432138	65434637	2500	-	200734	SPRED2	TRUE	FALSE	FALSE	FALSE	FALSE	FALSE
chr2	69642425	69644924	2500	+	307	ANXA4	TRUE	FALSE	FALSE	FALSE	FALSE	TRUE
chr2	70255386	70257885	2500	+	51449	PCYOX1	TRUE	FALSE	FALSE	FALSE	FALSE	TRUE
chr2	74481073	74483572	2500	+	64427	TTC31	TRUE	FALSE	FALSE	FALSE	FALSE	FALSE
chr2	86197355	86199854	2500	+	51318	MRPL35	TRUE	FALSE	FALSE	FALSE	FALSE	TRUE
chr2	96206403	96208902	2500	+	285033	STARD7-AS1	TRUE	FALSE	FALSE	FALSE	FALSE	FALSE
chr2	96507610	96510109	2500	-	93082	NEURL3	TRUE	FALSE	FALSE	FALSE	FALSE	FALSE
chr2	101272550	101275049	2500	-	692205	SNORD89	TRUE	FALSE	FALSE	FALSE	FALSE	FALSE
chr2	101308202	101310701	2500	-	284996	RNF149	TRUE	FALSE	FALSE	FALSE	FALSE	FALSE
chr2	102062544	102065043	2500	+	3554	IL1R1	TRUE	FALSE	FALSE	FALSE	FALSE	FALSE
chr2	108717482	108719981	2500	+	5903	RANBP2	TRUE	FALSE	FALSE	FALSE	FALSE	TRUE
chr2	119364921	119367420	2500	+	1622	DBI	TRUE	FALSE	FALSE	FALSE	FALSE	TRUE
chr2	127387966	127390465	2500	-	10746	MAP3K2	TRUE	FALSE	FALSE	FALSE	FALSE	FALSE
chr2	133567964	133570463	2500	-	344148	NCKAP5	TRUE	FALSE	FALSE	FALSE	FALSE	FALSE
chr2	159797756	159800255	2500	-	9936	CD302	TRUE	FALSE	TRUE	FALSE	FALSE	FALSE
chr2	200887327	200889826	2500	+	60491	NIF3L1	TRUE	FALSE	FALSE	FALSE	FALSE	TRUE
chr2	201231443	201233942	2500	+	841	CASP8	TRUE	FALSE	FALSE	FALSE	FALSE	TRUE
chr2	202274431	202276930	2500	+	692110	SNORD70	TRUE	FALSE	FALSE	FALSE	FALSE	FALSE
chr2	202276108	202278607	2500	+	109616995	SNORD70B	TRUE	FALSE	FALSE	FALSE	FALSE	FALSE
chr2	206160228	206162727	2500	+	619569	SNORA41	TRUE	FALSE	FALSE	FALSE	FALSE	FALSE
chr2	207527737	207530236	2500	+	1385	CREB1	TRUE	FALSE	FALSE	FALSE	FALSE	TRUE
chr2	229922740	229925239	2500	-	9320	TRIP12	TRUE	FALSE	FALSE	FALSE	FALSE	FALSE
chr2	233566283	233568782	2500	-	55230	USP40	TRUE	FALSE	FALSE	FALSE	FALSE	FALSE
chr2	234680668	234683167	2500	+	106144537	LINC01173	TRUE	FALSE	FALSE	FALSE	FALSE	FALSE
chr2	241549424	241551923	2500	+	666	BOK	TRUE	FALSE	FALSE	FALSE	FALSE	TRUE
chr2	241732602	241735101	2500	+	728294	D2HGDH	TRUE	FALSE	FALSE	FALSE	FALSE	TRUE
chr20	13006972	13009471	2500	+	55304	SPTLC3	TRUE	FALSE	FALSE	FALSE	FALSE	TRUE
chr20	14337115	14339614	2500	-	23767	FLRT3	TRUE	FALSE	FALSE	FALSE	FALSE	FALSE
chr20	20015310	20017809	2500	+	51126	NAA20	TRUE	FALSE	FALSE	FALSE	FALSE	FALSE
chr20	34361241	34363740	2500	+	83737	ITCH	TRUE	TRUE	FALSE	FALSE	FALSE	FALSE
chr20	49278319	49280818	2500	+	100113393	SNORD12B	TRUE	FALSE	FALSE	FALSE	FALSE	FALSE
chr20	49278683	49281182	2500	+	692057	SNORD12	TRUE	FALSE	FALSE	FALSE	FALSE	FALSE
chr20	53550770	53553269	2500	+	101927770	LOC101927770	TRUE	FALSE	FALSE	FALSE	FALSE	FALSE
chr21	43075879	43078378	2500	-	875	CBS	TRUE	FALSE	FALSE	FALSE	TRUE	TRUE
chr21	43076444	43078943	2500	-	102724560	CBSL	TRUE	FALSE	FALSE	FALSE	TRUE	TRUE
chr21	15728025	15730524	2500	+	29761	USP25	TRUE	FALSE	FALSE	FALSE	FALSE	FALSE
chr21	29075471	29077970	2500	+	56911	MAP3K7CL	TRUE	FALSE	FALSE	FALSE	FALSE	FALSE
chr21	29191480	29193979	2500	+	193629	LINC00189	TRUE	FALSE	FALSE	FALSE	FALSE	FALSE
chr21	33227901	33230400	2500	+	3455	IFNAR2	TRUE	FALSE	FALSE	FALSE	FALSE	FALSE
chr21	7742962	7745461	2500	+	102723553	SMIM11B	TRUE	FALSE	FALSE	FALSE	FALSE	FALSE
chr21	7742983	7745482	2500	+	54065	SMIM11A	TRUE	FALSE	FALSE	FALSE	FALSE	FALSE
chr21	36576070	36578569	2500	-	23562	CLDN14	TRUE	FALSE	FALSE	FALSE	FALSE	FALSE
chr22	17626855	17629354	2500	+	23786	BCL2L13	TRUE	FALSE	FALSE	FALSE	FALSE	TRUE
chr22	19941321	19943820	2500	-	10587	TXNRD2	TRUE	FALSE	FALSE	FALSE	FALSE	TRUE
chr22	21547447	21549946	2500	+	7332	UBE2L3	TRUE	FALSE	FALSE	FALSE	FALSE	FALSE
chr22	26596218	26598717	2500	-	8459	TPST2	TRUE	FALSE	FALSE	FALSE	FALSE	TRUE
chr22	40519800	40522299	2500	+	101927257	MRTFA-AS1	TRUE	FALSE	FALSE	FALSE	FALSE	FALSE
chr22	46329447	46331946	2500	+	55687	TRMU	TRUE	FALSE	FALSE	FALSE	FALSE	TRUE
chr22	50532081	50534580	2500	-	440836	ODF3B	TRUE	FALSE	FALSE	FALSE	FALSE	FALSE
chr3	11770851	11773350	2500	-	9686	VGLL4	TRUE	FALSE	FALSE	FALSE	FALSE	FALSE
chr3	14649746	14652245	2500	+	51244	CCDC174	TRUE	FALSE	FALSE	FALSE	FALSE	FALSE
chr3	47282952	47285451	2500	-	64147	KIF9	TRUE	FALSE	FALSE	FALSE	FALSE	FALSE
chr3	48194564	48197063	2500	+	100616407	MIR4443	TRUE	FALSE	FALSE	FALSE	FALSE	FALSE
chr3	57691205	57693704	2500	+	101929159	DENND6A-DT	TRUE	FALSE	FALSE	FALSE	FALSE	FALSE
chr3	64002022	64004521	2500	+	100507062	PSMD6-AS2	TRUE	FALSE	TRUE	FALSE	FALSE	FALSE
chr3	71753730	71756229	2500	-	27086	FOXP1	TRUE	FALSE	FALSE	FALSE	FALSE	FALSE
chr3	100114014	100116513	2500	-	11259	FILIP1L	TRUE	FALSE	FALSE	FALSE	FALSE	FALSE
chr3	114743026	114745525	2500	-	100616166	MIR4796	TRUE	FALSE	FALSE	FALSE	FALSE	FALSE
chr3	125374826	125377325	2500	-	7707	ZNF148	TRUE	FALSE	FALSE	FALSE	FALSE	FALSE
chr3	128680576	128683075	2500	-	6184	RPN1	TRUE	FALSE	FALSE	FALSE	FALSE	TRUE
chr3	132652446	132654945	2500	+	79876	UBA5	TRUE	FALSE	FALSE	FALSE	FALSE	FALSE
chr3	149375778	149378277	2500	+	100874091	TM4SF1-AS1	TRUE	FALSE	FALSE	FALSE	FALSE	FALSE
chr3	160402588	160405087	2500	+	406949	MIR15B	TRUE	FALSE	FALSE	FALSE	FALSE	FALSE
chr3	179604150	179606649	2500	-	57129	MRPL47	TRUE	FALSE	FALSE	FALSE	FALSE	TRUE
chr3	182791503	182794002	2500	+	23200	ATP11B	TRUE	FALSE	FALSE	FALSE	FALSE	TRUE
chr3	183445608	183448107	2500	+	100505687	LINC00888	TRUE	FALSE	FALSE	FALSE	FALSE	FALSE
chr3	184017440	184019939	2500	-	10057	ABCC5	TRUE	FALSE	FALSE	FALSE	FALSE	TRUE
chr3	185280941	185283440	2500	+	9175	MAP3K13	TRUE	FALSE	FALSE	FALSE	FALSE	FALSE
chr3	194497865	194500364	2500	-	79572	ATP13A3	TRUE	FALSE	FALSE	FALSE	FALSE	FALSE
chr3	196210938	196213437	2500	-	131540	ZDHHC19	TRUE	FALSE	TRUE	FALSE	FALSE	FALSE
chr3	196429385	196431884	2500	+	100874034	UBXN7-AS1	TRUE	FALSE	FALSE	TRUE	FALSE	FALSE
chr4	2841857	2844356	2500	+	118	ADD1	TRUE	FALSE	FALSE	FALSE	FALSE	FALSE
chr4	15701065	15703564	2500	+	683	BST1	TRUE	FALSE	FALSE	FALSE	FALSE	TRUE
chr4	17513165	17515664	2500	+	645104	CLRN2	TRUE	FALSE	FALSE	FALSE	FALSE	FALSE
chr4	36244015	36246514	2500	-	116984	ARAP2	TRUE	FALSE	FALSE	FALSE	FALSE	FALSE
chr4	38662197	38664696	2500	+	51274	KLF3	TRUE	FALSE	FALSE	FALSE	FALSE	FALSE
chr4	39043039	39045538	2500	+	51088	KLHL5	TRUE	FALSE	FALSE	FALSE	FALSE	FALSE
chr4	39457004	39459503	2500	+	11019	LIAS	TRUE	FALSE	FALSE	FALSE	FALSE	TRUE
chr4	48014772	48017271	2500	+	152519	NIPAL1	TRUE	FALSE	FALSE	FALSE	FALSE	FALSE
chr4	84963534	84966033	2500	+	404201	WDFY3-AS2	TRUE	FALSE	FALSE	FALSE	FALSE	FALSE
chr4	99088302	99090801	2500	-	128	ADH5	TRUE	FALSE	FALSE	FALSE	FALSE	TRUE
chr4	103076825	103079324	2500	-	133308	SLC9B2	TRUE	FALSE	FALSE	FALSE	FALSE	TRUE
chr4	108165525	108168024	2500	+	641518	LEF1-AS1	TRUE	FALSE	FALSE	FALSE	FALSE	FALSE
chr4	150580151	150582650	2500	+	10586	MAB21L2	TRUE	FALSE	FALSE	FALSE	TRUE	FALSE
chr4	184353478	184355977	2500	-	728175	LINC02363	TRUE	FALSE	FALSE	FALSE	FALSE	FALSE
chr4	184937941	184940440	2500	-	100616111	MIR4455	TRUE	FALSE	TRUE	FALSE	FALSE	FALSE
chr4	185956153	185958652	2500	-	8470	SORBS2	TRUE	FALSE	FALSE	FALSE	FALSE	FALSE
chr4	186264189	186266688	2500	+	2160	F11	TRUE	FALSE	FALSE	FALSE	TRUE	FALSE
chr5	35229988	35232487	2500	-	5618	PRLR	TRUE	FALSE	FALSE	FALSE	FALSE	FALSE
chr5	61160070	61162569	2500	+	101928630	SMIM15-AS1	TRUE	FALSE	FALSE	FALSE	FALSE	FALSE
chr5	65625476	65627975	2500	-	373	TRIM23	TRUE	FALSE	FALSE	FALSE	FALSE	FALSE
chr5	69215760	69218259	2500	+	92259	MRPS36	TRUE	FALSE	FALSE	FALSE	FALSE	TRUE
chr5	69367293	69369792	2500	+	5884	RAD17	TRUE	FALSE	FALSE	FALSE	FALSE	FALSE
chr5	69678760	69681259	2500	-	653188	GUSBP3	TRUE	FALSE	FALSE	FALSE	FALSE	FALSE
chr5	72318367	72320866	2500	+	79810	PTCD2	TRUE	FALSE	FALSE	FALSE	FALSE	TRUE
chr5	72876591	72879090	2500	+	100616152	MIR4804	TRUE	FALSE	FALSE	FALSE	FALSE	FALSE
chr5	80960408	80962907	2500	-	102524628	RASGRF2-AS1	TRUE	FALSE	FALSE	FALSE	FALSE	FALSE
chr5	86965321	86967820	2500	+	101929380	LOC101929380	TRUE	FALSE	FALSE	FALSE	FALSE	FALSE
chr5	95731796	95734295	2500	-	83890	SPATA9	TRUE	FALSE	FALSE	FALSE	FALSE	FALSE
chr5	108727761	108730260	2500	-	100652853	LINC01023	TRUE	FALSE	FALSE	FALSE	FALSE	FALSE
chr5	119035772	119038271	2500	+	1657	DMXL1	TRUE	FALSE	FALSE	FALSE	FALSE	FALSE
chr5	123423093	123425592	2500	-	153241	CEP120	TRUE	FALSE	FALSE	FALSE	FALSE	FALSE
chr5	132365100	132367599	2500	-	100500865	MIR3936	TRUE	FALSE	FALSE	FALSE	FALSE	FALSE
chr5	136134391	136136890	2500	-	9597	SMAD5-AS1	TRUE	FALSE	FALSE	FALSE	FALSE	FALSE
chr5	140633202	140635701	2500	-	929	CD14	TRUE	FALSE	FALSE	FALSE	FALSE	FALSE
chr5	154710843	154713342	2500	+	23367	LARP1	TRUE	FALSE	FALSE	FALSE	FALSE	FALSE
chr5	177400162	177402661	2500	-	345456	PFN3	TRUE	FALSE	FALSE	FALSE	FALSE	FALSE
chr5	179680535	179683034	2500	-	646019	CBY3	TRUE	FALSE	FALSE	FALSE	FALSE	FALSE
chr5	179676628	179679127	2500	+	821	CANX	TRUE	TRUE	FALSE	FALSE	FALSE	FALSE
chr6	7539617	7542116	2500	+	1832	DSP	TRUE	FALSE	FALSE	FALSE	FALSE	FALSE
chr6	8156162	8158661	2500	+	100506207	LOC100506207	TRUE	FALSE	FALSE	FALSE	FALSE	FALSE
chr6	15248135	15250634	2500	-	100506681	JARID2-AS1	TRUE	FALSE	FALSE	FALSE	FALSE	FALSE
chr6	24772931	24775430	2500	+	51053	GMNN	TRUE	FALSE	TRUE	FALSE	FALSE	FALSE
chr6	28078568	28081067	2500	+	7718	ZNF165	TRUE	FALSE	FALSE	FALSE	FALSE	FALSE
chr6	35664290	35666789	2500	-	100847048	MIR5690	TRUE	FALSE	FALSE	FALSE	FALSE	FALSE
chr6	87701734	87704233	2500	-	55122	AKIRIN2	TRUE	TRUE	FALSE	FALSE	FALSE	FALSE
chr6	110872770	110875269	2500	+	262	AMD1	TRUE	FALSE	FALSE	FALSE	FALSE	TRUE
chr6	110956706	110959205	2500	+	112495	GTF3C6	TRUE	FALSE	FALSE	FALSE	FALSE	FALSE
chr6	113967701	113970200	2500	+	101927768	HDAC2-AS2	TRUE	FALSE	FALSE	FALSE	FALSE	FALSE
chr6	132762960	132765459	2500	-	8875	VNN2	TRUE	FALSE	FALSE	FALSE	FALSE	TRUE
chr6	134520086	134522585	2500	-	101928231	CT69	TRUE	FALSE	FALSE	FALSE	FALSE	FALSE
chr6	137867734	137870233	2500	-	100130476	WAKMAR2	TRUE	FALSE	FALSE	FALSE	FALSE	FALSE
chr6	138690548	138693047	2500	+	441172	FLJ46906	TRUE	FALSE	FALSE	FALSE	FALSE	FALSE
chr6	154356293	154358792	2500	-	26034	IPCEF1	TRUE	FALSE	FALSE	FALSE	FALSE	FALSE
chr6	167793530	167796029	2500	+	441179	LOC441179	TRUE	FALSE	FALSE	FALSE	FALSE	FALSE
chr7	1503890	1506389	2500	-	26173	INTS1	TRUE	FALSE	FALSE	FALSE	FALSE	TRUE
chr7	6008607	6011106	2500	-	5395	PMS2	TRUE	FALSE	FALSE	FALSE	FALSE	FALSE
chr7	22356655	22359154	2500	-	9771	RAPGEF5	TRUE	FALSE	FALSE	FALSE	FALSE	FALSE
chr7	23708203	23710702	2500	+	56164	STK31	TRUE	FALSE	FALSE	FALSE	FALSE	FALSE
chr7	27737331	27739830	2500	+	8887	TAX1BP1	TRUE	FALSE	FALSE	FALSE	FALSE	FALSE
chr7	29120340	29122839	2500	+	1124	CHN2	TRUE	FALSE	FALSE	FALSE	FALSE	FALSE
chr7	44604572	44607071	2500	+	4967	OGDH	TRUE	FALSE	FALSE	FALSE	FALSE	TRUE
chr7	56062002	56064501	2500	+	25870	SUMF2	TRUE	FALSE	FALSE	FALSE	FALSE	FALSE
chr7	65871074	65873573	2500	+	154807	VKORC1L1	TRUE	FALSE	FALSE	FALSE	FALSE	TRUE
chr7	73005423	73007922	2500	-	442578	STAG3L3	TRUE	FALSE	FALSE	FALSE	FALSE	FALSE
chr7	74728502	74731001	2500	-	101926943	LOC101926943	TRUE	FALSE	FALSE	FALSE	FALSE	FALSE
chr7	75359051	75361550	2500	-	5380	PMS2P2	TRUE	TRUE	FALSE	FALSE	FALSE	FALSE
chr7	75840602	75843101	2500	+	57414	RHBDD2	TRUE	FALSE	FALSE	FALSE	FALSE	FALSE
chr7	77037944	77040443	2500	+	100132832	PMS2P9	TRUE	FALSE	FALSE	FALSE	FALSE	FALSE
chr7	99995690	99998189	2500	+	105375423	LOC105375423	TRUE	FALSE	FALSE	FALSE	FALSE	FALSE
chr7	100271719	100274218	2500	-	352954	CASTOR3	TRUE	FALSE	FALSE	FALSE	FALSE	FALSE
chr7	100642280	100644779	2500	-	7036	TFR2	TRUE	FALSE	FALSE	FALSE	TRUE	FALSE
chr7	117018211	117020710	2500	+	102466616	MIR6132	TRUE	FALSE	FALSE	FALSE	FALSE	FALSE
chr7	116951238	116953737	2500	+	7982	ST7	TRUE	FALSE	FALSE	FALSE	FALSE	FALSE
chr7	128935457	128937956	2500	+	3663	IRF5	TRUE	FALSE	FALSE	FALSE	FALSE	FALSE
chr7	139338359	139340858	2500	+	51631	LUC7L2	TRUE	FALSE	FALSE	FALSE	FALSE	FALSE
chr7	156892717	156895216	2500	-	64327	LMBR1	TRUE	FALSE	FALSE	FALSE	FALSE	FALSE
chr7	157852529	157855028	2500	+	100506585	PTPRN2-AS1	TRUE	FALSE	FALSE	FALSE	FALSE	FALSE
chr8	9000844	9003343	2500	+	90459	ERI1	TRUE	FALSE	FALSE	FALSE	FALSE	FALSE
chr8	13627644	13630143	2500	+	102725080	LOC102725080	TRUE	FALSE	FALSE	FALSE	FALSE	FALSE
chr8	17800418	17802917	2500	-	57509	MTUS1	TRUE	FALSE	FALSE	FALSE	FALSE	TRUE
chr8	30382511	30385010	2500	+	11030	RBPMS	TRUE	FALSE	FALSE	FALSE	FALSE	FALSE
chr8	77000545	77003044	2500	-	5828	PEX2	TRUE	FALSE	FALSE	FALSE	FALSE	TRUE
chr8	91070084	91072583	2500	-	100506365	OTUD6B-AS1	TRUE	FALSE	FALSE	FALSE	FALSE	FALSE
chr8	93017174	93019673	2500	-	286144	TRIQK	TRUE	FALSE	FALSE	FALSE	FALSE	FALSE
chr8	98041718	98044217	2500	-	26775	SNORA72	TRUE	FALSE	FALSE	FALSE	FALSE	FALSE
chr8	120759253	120761752	2500	+	101927543	LOC101927543	TRUE	FALSE	FALSE	FALSE	FALSE	FALSE
chr8	124538959	124541458	2500	-	83940	TATDN1	TRUE	FALSE	FALSE	FALSE	FALSE	FALSE
chr8	144853237	144855736	2500	-	28991	COMMD5	TRUE	FALSE	FALSE	FALSE	FALSE	FALSE
chr9	212854	215353	2500	+	81704	DOCK8	TRUE	FALSE	FALSE	FALSE	FALSE	FALSE
chr9	3896642	3899141	2500	+	84850	GLIS3-AS1	TRUE	FALSE	FALSE	FALSE	FALSE	FALSE
chr9	20684189	20686688	2500	-	101929548	FOCAD-AS1	TRUE	FALSE	FALSE	FALSE	FALSE	FALSE
chr9	32382603	32385102	2500	+	48	ACO1	TRUE	FALSE	FALSE	FALSE	FALSE	TRUE
chr9	35079443	35081942	2500	-	2189	FANCG	TRUE	FALSE	FALSE	FALSE	FALSE	TRUE
chr9	39508386	39510885	2500	-	401509	ZNF658B	TRUE	FALSE	FALSE	FALSE	FALSE	FALSE
chr9	78234062	78236561	2500	+	84131	CEP78	TRUE	FALSE	FALSE	FALSE	FALSE	FALSE
chr9	87551454	87553953	2500	+	100506897	DAPK1-IT1	TRUE	FALSE	FALSE	FALSE	FALSE	FALSE
chr9	97013209	97015708	2500	-	84278	MFSD14C	TRUE	FALSE	FALSE	FALSE	FALSE	FALSE
chr9	101384901	101387400	2500	-	570	BAAT	TRUE	FALSE	FALSE	FALSE	TRUE	TRUE
chr9	111930100	111932599	2500	+	100616114	MIR4668	TRUE	FALSE	FALSE	FALSE	FALSE	FALSE
chr9	125240844	125243343	2500	-	3309	HSPA5	TRUE	FALSE	FALSE	FALSE	FALSE	TRUE
chr9	127792597	127795096	2500	+	2356	FPGS	TRUE	FALSE	FALSE	FALSE	FALSE	TRUE
chr9	128066201	128068700	2500	+	114789	SLC25A25	TRUE	FALSE	FALSE	FALSE	FALSE	TRUE
chr9	128700503	128703002	2500	+	29941	PKN3	TRUE	FALSE	FALSE	FALSE	FALSE	FALSE
chr9	128785253	128787752	2500	+	54662	TBC1D13	TRUE	FALSE	FALSE	FALSE	FALSE	FALSE
chr9	128881432	128883931	2500	-	51490	SPOUT1	TRUE	FALSE	FALSE	FALSE	FALSE	FALSE
chr9	128881995	128884494	2500	-	883	KYAT1	TRUE	FALSE	FALSE	FALSE	FALSE	TRUE
chr9	129027832	129030331	2500	-	56904	SH3GLB2	TRUE	FALSE	FALSE	FALSE	FALSE	FALSE
chr9	131371636	131374135	2500	+	84726	PRRC2B	TRUE	FALSE	FALSE	FALSE	FALSE	FALSE
chr9	131739575	131742074	2500	-	2889	RAPGEF1	TRUE	FALSE	FALSE	FALSE	FALSE	FALSE
chr9	133739456	133741955	2500	-	1757	SARDH	TRUE	FALSE	FALSE	FALSE	TRUE	TRUE
chr9	137616992	137619491	2500	+	79813	EHMT1	TRUE	FALSE	FALSE	FALSE	FALSE	FALSE
chr9	137618407	137620906	2500	-	85026	ARRDC1-AS1	TRUE	FALSE	FALSE	FALSE	FALSE	FALSE
chr1	148386282	148388781	2500	+	102466225	MIR6077	FALSE	TRUE	FALSE	FALSE	FALSE	FALSE
chr1	153656703	153659202	2500	+	23557	SNAPIN	FALSE	TRUE	FALSE	FALSE	FALSE	FALSE
chr1	174997163	174999662	2500	+	27101	CACYBP	FALSE	TRUE	FALSE	FALSE	FALSE	FALSE
chr10	11821339	11823838	2500	+	254427	PROSER2	FALSE	TRUE	FALSE	FALSE	FALSE	FALSE
chr10	104233356	104235855	2500	+	9446	GSTO1	FALSE	TRUE	FALSE	FALSE	FALSE	FALSE
chr10	119102086	119104585	2500	+	404636	DENND10	FALSE	TRUE	FALSE	FALSE	FALSE	FALSE
chr11	10808441	10810940	2500	-	1982	EIF4G2	FALSE	TRUE	FALSE	FALSE	FALSE	FALSE
chr11	18264260	18266759	2500	+	6288	SAA1	FALSE	TRUE	FALSE	FALSE	TRUE	FALSE
chr11	33161872	33164371	2500	-	1479	CSTF3	FALSE	TRUE	FALSE	FALSE	FALSE	FALSE
chr12	54278193	54280692	2500	+	3178	HNRNPA1	FALSE	TRUE	FALSE	FALSE	FALSE	FALSE
chr12	68806177	68808676	2500	+	4193	MDM2	FALSE	TRUE	FALSE	FALSE	FALSE	FALSE
chr12	98513579	98516078	2500	+	7112	TMPO	FALSE	TRUE	FALSE	FALSE	FALSE	FALSE
chr12	120971793	120974292	2500	-	283460	HNF1A-AS1	FALSE	TRUE	FALSE	FALSE	FALSE	FALSE
chr12	121863097	121865596	2500	-	3242	HPD	FALSE	TRUE	FALSE	FALSE	TRUE	FALSE
chr14	49634745	49637244	2500	-	55172	DNAAF2	FALSE	TRUE	FALSE	FALSE	FALSE	FALSE
chr14	103331544	103334043	2500	+	1983	EIF5	FALSE	TRUE	FALSE	FALSE	FALSE	FALSE
chr15	55318662	55321161	2500	-	101928527	PIGBOS1	FALSE	TRUE	FALSE	FALSE	FALSE	FALSE
chr16	70246111	70248610	2500	-	100506060	SMG1P7	FALSE	TRUE	FALSE	FALSE	FALSE	FALSE
chr17	75978678	75981177	2500	-	51	ACOX1	FALSE	TRUE	FALSE	FALSE	FALSE	FALSE
chr17	81860125	81862624	2500	-	5034	P4HB	FALSE	TRUE	FALSE	FALSE	FALSE	FALSE
chr18	2946391	2948890	2500	-	727896	CHORDC1P4	FALSE	TRUE	FALSE	FALSE	FALSE	FALSE
chr19	39532353	39534852	2500	-	126272	EID2B	FALSE	TRUE	FALSE	FALSE	FALSE	FALSE
chr19	47885816	47888315	2500	-	6822	SULT2A1	FALSE	TRUE	FALSE	FALSE	TRUE	FALSE
chr2	38603087	38605586	2500	-	92906	HNRNPLL	FALSE	TRUE	FALSE	FALSE	FALSE	FALSE
chr2	112643939	112646438	2500	+	6574	SLC20A1	FALSE	TRUE	FALSE	FALSE	FALSE	FALSE
chr2	177210563	177213062	2500	+	220988	HNRNPA3	FALSE	TRUE	FALSE	FALSE	FALSE	FALSE
chr2	215435574	215438073	2500	-	2335	FN1	FALSE	TRUE	FALSE	FALSE	FALSE	FALSE
chr2	241313100	241315599	2500	+	4735	SEPTIN2	FALSE	TRUE	FALSE	FALSE	FALSE	FALSE
chr21	29192147	29194646	2500	+	571	BACH1	FALSE	TRUE	FALSE	FALSE	FALSE	FALSE
chr21	39349148	39351647	2500	-	3150	HMGN1	FALSE	TRUE	FALSE	FALSE	FALSE	FALSE
chr22	17774271	17776770	2500	-	637	BID	FALSE	TRUE	FALSE	FALSE	FALSE	FALSE
chr3	32502353	32504852	2500	-	54918	CMTM6	FALSE	TRUE	FALSE	FALSE	FALSE	FALSE
chr3	101825991	101828490	2500	+	64332	NFKBIZ	FALSE	TRUE	FALSE	FALSE	FALSE	FALSE
chr3	170355678	170358177	2500	+	6498	SKIL	FALSE	TRUE	FALSE	FALSE	FALSE	FALSE
chr3	196140525	196143024	2500	+	401109	LINC00885	FALSE	TRUE	FALSE	FALSE	FALSE	FALSE
chr4	39458432	39460931	2500	-	6133	RPL9	FALSE	TRUE	FALSE	FALSE	FALSE	FALSE
chr4	40630376	40632875	2500	-	54502	RBM47	FALSE	TRUE	FALSE	FALSE	FALSE	FALSE
chr6	42927192	42929691	2500	+	10695	CNPY3	FALSE	TRUE	FALSE	FALSE	FALSE	FALSE
chr6	159762030	159764529	2500	-	6648	SOD2	FALSE	TRUE	FALSE	FALSE	FALSE	FALSE
chr6	159723585	159726084	2500	+	9589	WTAP	FALSE	TRUE	FALSE	FALSE	FALSE	FALSE
chr7	5563403	5565902	2500	-	60	ACTB	FALSE	TRUE	FALSE	FALSE	FALSE	FALSE
chr7	44794680	44797179	2500	+	5478	PPIA	FALSE	TRUE	FALSE	FALSE	FALSE	FALSE
chr7	44847588	44850087	2500	-	94239	H2AZ2	FALSE	TRUE	FALSE	FALSE	FALSE	FALSE
chr7	100013572	100016071	2500	+	7586	ZKSCAN1	FALSE	TRUE	FALSE	FALSE	FALSE	FALSE
chr7	100047774	100050273	2500	+	7589	ZSCAN21	FALSE	TRUE	FALSE	FALSE	FALSE	FALSE
chr7	155295776	155298275	2500	+	3638	INSIG1	FALSE	TRUE	FALSE	FALSE	FALSE	FALSE
chr8	22365278	22367777	2500	+	23516	SLC39A14	FALSE	TRUE	FALSE	FALSE	FALSE	FALSE
chr8	124537101	124539600	2500	+	4715	NDUFB9	FALSE	TRUE	FALSE	FALSE	FALSE	FALSE
chr9	111894814	111897313	2500	+	7357	UGCG	FALSE	TRUE	FALSE	FALSE	FALSE	FALSE
chr9	128681424	128683923	2500	+	6418	SET	FALSE	TRUE	FALSE	FALSE	FALSE	FALSE
chr1	6519575	6522074	2500	-	57449	PLEKHG5	FALSE	FALSE	TRUE	FALSE	FALSE	FALSE
chr1	24416435	24418934	2500	-	90529	STPG1	FALSE	FALSE	TRUE	FALSE	FALSE	FALSE
chr1	24413802	24416301	2500	+	57185	NIPAL3	FALSE	FALSE	TRUE	FALSE	FALSE	FALSE
chr1	27634686	27637185	2500	-	2268	FGR	FALSE	FALSE	TRUE	FALSE	FALSE	FALSE
chr1	33181554	33184053	2500	-	55223	TRIM62	FALSE	FALSE	TRUE	FALSE	FALSE	FALSE
chr1	37946558	37949057	2500	-	3633	INPP5B	FALSE	FALSE	TRUE	FALSE	FALSE	FALSE
chr1	235327720	235330219	2500	-	51742	ARID4B	FALSE	FALSE	TRUE	FALSE	FALSE	FALSE
chr10	24723388	24725887	2500	-	57584	ARHGAP21	FALSE	FALSE	TRUE	FALSE	FALSE	FALSE
chr10	80405829	80408328	2500	+	84293	PRXL2A	FALSE	FALSE	TRUE	FALSE	FALSE	FALSE
chr10	117544569	117547068	2500	-	196047	EMX2OS	FALSE	FALSE	TRUE	FALSE	FALSE	FALSE
chr10	117540445	117542944	2500	+	2018	EMX2	FALSE	FALSE	TRUE	FALSE	FALSE	FALSE
chr11	70064872	70067371	2500	-	101928443	LINC02753	FALSE	FALSE	TRUE	FALSE	FALSE	FALSE
chr11	69983876	69986375	2500	+	55107	ANO1	FALSE	FALSE	TRUE	FALSE	FALSE	FALSE
chr11	118525472	118527971	2500	+	143941	TTC36	FALSE	FALSE	TRUE	FALSE	TRUE	FALSE
chr12	990691	993190	2500	-	5893	RAD52	FALSE	FALSE	TRUE	FALSE	FALSE	FALSE
chr12	988509	991008	2500	+	23085	ERC1	FALSE	FALSE	TRUE	FALSE	FALSE	FALSE
chr12	31326559	31329058	2500	-	58516	SINHCAF	FALSE	FALSE	TRUE	FALSE	FALSE	FALSE
chr14	22827879	22830378	2500	+	122704	MRPL52	FALSE	FALSE	TRUE	FALSE	FALSE	FALSE
chr14	39101140	39103639	2500	+	105370458	SEC23A-AS1	FALSE	FALSE	TRUE	FALSE	FALSE	FALSE
chr14	70416575	70419074	2500	-	100529257	SYNJ2BP-COX16	FALSE	FALSE	TRUE	FALSE	FALSE	FALSE
chr14	70416591	70419090	2500	-	55333	SYNJ2BP	FALSE	FALSE	TRUE	FALSE	FALSE	FALSE
chr15	45250234	45252733	2500	+	9153	SLC28A2	FALSE	FALSE	TRUE	FALSE	FALSE	FALSE
chr15	64071534	64074033	2500	-	23604	DAPK2	FALSE	FALSE	TRUE	FALSE	FALSE	FALSE
chr15	67061763	67064262	2500	+	4088	SMAD3	FALSE	FALSE	TRUE	FALSE	FALSE	FALSE
chr16	8846105	8848604	2500	+	100130283	LOC100130283	FALSE	FALSE	TRUE	FALSE	FALSE	FALSE
chr16	10324434	10326933	2500	+	80063	ATF7IP2	FALSE	FALSE	TRUE	FALSE	FALSE	FALSE
chr16	87936081	87938580	2500	-	763	CA5A	FALSE	FALSE	TRUE	FALSE	TRUE	FALSE
chr17	7263484	7265983	2500	-	1366	CLDN7	FALSE	FALSE	TRUE	FALSE	FALSE	FALSE
chr17	43579121	43581620	2500	-	2118	ETV4	FALSE	FALSE	TRUE	FALSE	FALSE	FALSE
chr17	75289011	75291510	2500	-	60386	SLC25A19	FALSE	FALSE	TRUE	FALSE	FALSE	FALSE
chr17	79817083	79819582	2500	+	105371919	LINC01977	FALSE	FALSE	TRUE	FALSE	FALSE	FALSE
chr17	81941913	81944412	2500	-	5831	PYCR1	FALSE	FALSE	TRUE	FALSE	FALSE	FALSE
chr18	10452635	10455134	2500	+	147495	APCDD1	FALSE	FALSE	TRUE	FALSE	FALSE	FALSE
chr19	18917705	18920204	2500	+	54555	DDX49	FALSE	FALSE	TRUE	FALSE	FALSE	FALSE
chr19	28604688	28607187	2500	+	102724908	LOC102724908	FALSE	FALSE	TRUE	FALSE	FALSE	FALSE
chr19	35038506	35041005	2500	+	3249	HPN	FALSE	FALSE	TRUE	FALSE	TRUE	FALSE
chr19	39539662	39542161	2500	-	163126	EID2	FALSE	FALSE	TRUE	FALSE	FALSE	FALSE
chr19	48268081	48270580	2500	+	163071	ZNF114	FALSE	FALSE	TRUE	FALSE	FALSE	FALSE
chr2	38376786	38379285	2500	-	64225	ATL2	FALSE	FALSE	TRUE	FALSE	FALSE	FALSE
chr2	68677601	68680100	2500	+	9938	ARHGAP25	FALSE	FALSE	TRUE	FALSE	FALSE	FALSE
chr2	129877165	129879664	2500	-	105373615	LINC02572	FALSE	FALSE	TRUE	FALSE	FALSE	FALSE
chr2	142130517	142133016	2500	-	53353	LRP1B	FALSE	FALSE	TRUE	FALSE	FALSE	FALSE
chr2	196593185	196595684	2500	-	57520	HECW2	FALSE	FALSE	TRUE	FALSE	FALSE	FALSE
chr2	207625429	207627928	2500	-	151194	METTL21A	FALSE	FALSE	TRUE	FALSE	FALSE	FALSE
chr20	34311303	34313802	2500	-	191	AHCY	FALSE	FALSE	TRUE	FALSE	FALSE	FALSE
chr20	44473874	44476373	2500	+	79183	TTPAL	FALSE	FALSE	TRUE	FALSE	FALSE	FALSE
chr21	15926296	15928795	2500	+	388815	MIR99AHG	FALSE	FALSE	TRUE	FALSE	FALSE	FALSE
chr21	33548662	33551161	2500	+	102465248	MIR6501	FALSE	FALSE	TRUE	FALSE	FALSE	FALSE
chr21	46155080	46157579	2500	-	10841	FTCD	FALSE	FALSE	TRUE	FALSE	TRUE	FALSE
chr22	21640302	21642801	2500	+	23753	SDF2L1	FALSE	FALSE	TRUE	FALSE	FALSE	FALSE
chr22	21867181	21869680	2500	-	5594	MAPK1	FALSE	FALSE	TRUE	FALSE	FALSE	FALSE
chr3	109116252	109118751	2500	+	401081	C3orf85	FALSE	FALSE	TRUE	FALSE	FALSE	FALSE
chr4	22690914	22693413	2500	+	57733	GBA3	FALSE	FALSE	TRUE	FALSE	FALSE	FALSE
chr4	73395114	73397613	2500	+	213	ALB	FALSE	FALSE	TRUE	FALSE	TRUE	FALSE
chr4	185471253	185473752	2500	-	256309	CCDC110	FALSE	FALSE	TRUE	FALSE	FALSE	FALSE
chr5	41923254	41925753	2500	+	26272	FBXO4	FALSE	FALSE	TRUE	FALSE	FALSE	FALSE
chr5	150775946	150778445	2500	+	85027	SMIM3	FALSE	FALSE	TRUE	FALSE	FALSE	FALSE
chr6	36025677	36028176	2500	+	1432	MAPK14	FALSE	FALSE	TRUE	FALSE	FALSE	FALSE
chr6	136550320	136552819	2500	-	9053	MAP7	FALSE	FALSE	TRUE	FALSE	FALSE	FALSE
chr7	12684856	12687355	2500	+	10124	ARL4A	FALSE	FALSE	TRUE	FALSE	FALSE	FALSE
chr7	27152099	27154598	2500	-	3200	HOXA3	FALSE	FALSE	TRUE	FALSE	FALSE	FALSE
chr7	28297321	28299820	2500	+	9586	CREB5	FALSE	FALSE	TRUE	FALSE	FALSE	FALSE
chr7	100585630	100588129	2500	-	4034	LRCH4	FALSE	FALSE	TRUE	FALSE	FALSE	FALSE
chr7	100581982	100584481	2500	+	26261	FBXO24	FALSE	FALSE	TRUE	FALSE	FALSE	FALSE
chr8	13604111	13606610	2500	-	10395	DLC1	FALSE	FALSE	TRUE	FALSE	FALSE	FALSE
chr8	57992509	57995008	2500	+	90362	FAM110B	FALSE	FALSE	TRUE	FALSE	FALSE	FALSE
chr8	122733305	122735804	2500	-	104266958	LINC01151	FALSE	FALSE	TRUE	FALSE	FALSE	FALSE
chr9	93449685	93452184	2500	+	23196	FAM120A	FALSE	FALSE	TRUE	FALSE	FALSE	FALSE
chr9	134294898	134297397	2500	-	105376310	LINC02247	FALSE	FALSE	TRUE	FALSE	FALSE	FALSE
chr1	815371	817870	2500	+	400728	FAM87B	FALSE	FALSE	FALSE	TRUE	FALSE	FALSE
chr1	6393268	6395767	2500	-	11332	ACOT7	FALSE	FALSE	FALSE	TRUE	FALSE	FALSE
chr1	109464546	109467045	2500	+	284612	SYPL2	FALSE	FALSE	FALSE	TRUE	FALSE	FALSE
chr1	156891698	156894197	2500	+	375033	PEAR1	FALSE	FALSE	FALSE	TRUE	FALSE	FALSE
chr1	204377166	204379665	2500	-	22874	PLEKHA6	FALSE	FALSE	FALSE	TRUE	FALSE	FALSE
chr1	207801440	207803939	2500	-	407026	MIR29C	FALSE	FALSE	FALSE	TRUE	FALSE	FALSE
chr1	207802024	207804523	2500	-	407025	MIR29B2	FALSE	FALSE	FALSE	TRUE	FALSE	FALSE
chr1	224112111	224114610	2500	+	23219	FBXO28	FALSE	FALSE	FALSE	TRUE	FALSE	FALSE
chr10	72088533	72091032	2500	-	9806	SPOCK2	FALSE	FALSE	FALSE	TRUE	FALSE	FALSE
chr10	122952381	122954880	2500	+	118672	PSTK	FALSE	FALSE	FALSE	TRUE	FALSE	FALSE
chr11	13462798	13465297	2500	-	84280	BTBD10	FALSE	FALSE	FALSE	TRUE	FALSE	FALSE
chr11	17077216	17079715	2500	-	6207	RPS13	FALSE	FALSE	FALSE	TRUE	FALSE	FALSE
chr11	111925144	111927643	2500	+	85458	DIXDC1	FALSE	FALSE	FALSE	TRUE	FALSE	FALSE
chr12	131163011	131165510	2500	+	116437	LINC01257	FALSE	FALSE	FALSE	TRUE	FALSE	FALSE
chr14	100273729	100276228	2500	+	102466730	MIR6764	FALSE	FALSE	FALSE	TRUE	FALSE	FALSE
chr14	100723705	100726204	2500	+	8788	DLK1	FALSE	FALSE	FALSE	TRUE	FALSE	FALSE
chr15	85794426	85796925	2500	-	64410	KLHL25	FALSE	FALSE	FALSE	TRUE	FALSE	FALSE
chr16	19553240	19555739	2500	+	57020	VPS35L	FALSE	FALSE	FALSE	TRUE	FALSE	FALSE
chr17	37373985	37376484	2500	+	284099	C17orf78	FALSE	FALSE	FALSE	TRUE	FALSE	FALSE
chr17	57954913	57957412	2500	-	404093	CUEDC1	FALSE	FALSE	FALSE	TRUE	FALSE	FALSE
chr17	59964262	59966761	2500	-	51136	RNFT1	FALSE	FALSE	FALSE	TRUE	FALSE	FALSE
chr18	36128886	36131385	2500	-	25800	SLC39A6	FALSE	FALSE	FALSE	TRUE	FALSE	FALSE
chr19	10600457	10602956	2500	+	57153	SLC44A2	FALSE	FALSE	FALSE	TRUE	FALSE	FALSE
chr19	19383826	19386325	2500	+	54815	GATAD2A	FALSE	FALSE	FALSE	TRUE	FALSE	FALSE
chr2	60439329	60441828	2500	-	106660609	MIR4432HG	FALSE	FALSE	FALSE	TRUE	FALSE	FALSE
chr2	108532355	108534854	2500	+	3987	LIMS1	FALSE	FALSE	FALSE	TRUE	FALSE	FALSE
chr20	609899	612398	2500	-	6939	TCF15	FALSE	FALSE	FALSE	TRUE	FALSE	FALSE
chr20	56410112	56412611	2500	+	57091	CASS4	FALSE	FALSE	FALSE	TRUE	FALSE	FALSE
chr21	10480738	10483237	2500	+	7179	TPTE	FALSE	FALSE	FALSE	TRUE	FALSE	FALSE
chr21	37267420	37269919	2500	-	10311	VPS26C	FALSE	FALSE	FALSE	TRUE	FALSE	FALSE
chr22	43862014	43864513	2500	-	25830	SULT4A1	FALSE	FALSE	FALSE	TRUE	FALSE	FALSE
chr3	9745	12244	2500	+	102723448	LINC01986	FALSE	FALSE	FALSE	TRUE	FALSE	FALSE
chr3	49340213	49342712	2500	-	7375	USP4	FALSE	FALSE	FALSE	TRUE	FALSE	FALSE
chr3	122575628	122578127	2500	+	165631	PARP15	FALSE	FALSE	FALSE	TRUE	FALSE	FALSE
chr3	183884434	183886933	2500	-	55486	PARL	FALSE	FALSE	FALSE	TRUE	FALSE	FALSE
chr3	183884800	183887299	2500	+	100616127	MIR4448	FALSE	FALSE	FALSE	TRUE	FALSE	FALSE
chr3	196632088	196634587	2500	-	101929769	LINC01063	FALSE	FALSE	FALSE	TRUE	FALSE	FALSE
chr3	196711751	196714250	2500	-	84984	CEP19	FALSE	FALSE	FALSE	TRUE	FALSE	FALSE
chr3	198080221	198082720	2500	-	348840	ANKRD18DP	FALSE	FALSE	FALSE	TRUE	FALSE	FALSE
chr4	15681120	15683619	2500	-	26234	FBXL5	FALSE	FALSE	FALSE	TRUE	FALSE	FALSE
chr4	163341892	163344391	2500	+	4889	NPY5R	FALSE	FALSE	FALSE	TRUE	FALSE	FALSE
chr5	139645299	139647798	2500	+	51523	CXXC5	FALSE	FALSE	FALSE	TRUE	FALSE	FALSE
chr5	149356037	149358536	2500	+	78991	PCYOX1L	FALSE	FALSE	FALSE	TRUE	FALSE	FALSE
chr5	149403703	149406202	2500	-	27190	IL17B	FALSE	FALSE	FALSE	TRUE	FALSE	FALSE
chr5	160342217	160344716	2500	-	79616	CCNJL	FALSE	FALSE	FALSE	TRUE	FALSE	FALSE
chr6	52360123	52362622	2500	+	114327	EFHC1	FALSE	FALSE	FALSE	TRUE	FALSE	FALSE
chr7	4958714	4961213	2500	-	221938	MMD2	FALSE	FALSE	FALSE	TRUE	FALSE	FALSE
chr7	30769417	30771916	2500	+	84182	MINDY4	FALSE	FALSE	FALSE	TRUE	FALSE	FALSE
chr7	55572489	55574988	2500	-	81552	VOPP1	FALSE	FALSE	FALSE	TRUE	FALSE	FALSE
chr7	73624044	73626543	2500	-	51085	MLXIPL	FALSE	FALSE	FALSE	TRUE	FALSE	FALSE
chr8	26382454	26384953	2500	-	157489	SDAD1P1	FALSE	FALSE	FALSE	TRUE	FALSE	FALSE
chr9	35079427	35081926	2500	-	7415	VCP	FALSE	FALSE	FALSE	TRUE	FALSE	FALSE
chr1	11046740	11049239	2500	-	10747	MASP2	FALSE	FALSE	FALSE	FALSE	TRUE	FALSE
chr1	13581465	13583964	2500	+	10630	PDPN	FALSE	FALSE	FALSE	FALSE	TRUE	FALSE
chr1	16643622	16646121	2500	+	11209	MST1P2	FALSE	FALSE	FALSE	FALSE	TRUE	FALSE
chr1	16769738	16772237	2500	-	11223	MST1L	FALSE	FALSE	FALSE	FALSE	TRUE	FALSE
chr1	22634628	22637127	2500	+	712	C1QA	FALSE	FALSE	FALSE	FALSE	TRUE	FALSE
chr1	22650762	22653261	2500	+	713	C1QB	FALSE	FALSE	FALSE	FALSE	TRUE	FALSE
chr1	27374325	27376824	2500	-	8547	FCN3	FALSE	FALSE	FALSE	FALSE	TRUE	FALSE
chr1	43170330	43172829	2500	+	149465	CFAP57	FALSE	FALSE	FALSE	FALSE	TRUE	FALSE
chr1	46940985	46943484	2500	-	1579	CYP4A11	FALSE	FALSE	FALSE	FALSE	TRUE	FALSE
chr1	47135435	47137934	2500	+	284541	CYP4A22	FALSE	FALSE	FALSE	FALSE	TRUE	FALSE
chr1	53889239	53891738	2500	+	1733	DIO1	FALSE	FALSE	FALSE	FALSE	TRUE	FALSE
chr1	56819197	56821696	2500	-	199920	FYB2	FALSE	FALSE	FALSE	FALSE	TRUE	FALSE
chr1	56852797	56855296	2500	+	731	C8A	FALSE	FALSE	FALSE	FALSE	TRUE	FALSE
chr1	56965641	56968140	2500	-	732	C8B	FALSE	FALSE	FALSE	FALSE	TRUE	FALSE
chr1	62595520	62598019	2500	+	27329	ANGPTL3	FALSE	FALSE	FALSE	FALSE	TRUE	FALSE
chr1	65418652	65421151	2500	+	3953	LEPR	FALSE	FALSE	FALSE	FALSE	TRUE	FALSE
chr1	86545078	86547577	2500	+	22802	CLCA4	FALSE	FALSE	FALSE	FALSE	TRUE	FALSE
chr1	111471792	111474291	2500	+	128346	C1orf162	FALSE	FALSE	FALSE	FALSE	TRUE	FALSE
chr1	119366779	119369278	2500	+	51179	HAO2	FALSE	FALSE	FALSE	FALSE	TRUE	FALSE
chr1	145707649	145710148	2500	-	5174	PDZK1	FALSE	FALSE	FALSE	FALSE	TRUE	FALSE
chr1	146036247	146038746	2500	-	148738	HJV	FALSE	FALSE	FALSE	FALSE	TRUE	FALSE
chr1	147123786	147126285	2500	-	644861	NBPF13P	FALSE	FALSE	FALSE	FALSE	TRUE	FALSE
chr1	150809078	150811577	2500	-	1513	CTSK	FALSE	FALSE	FALSE	FALSE	TRUE	FALSE
chr1	156367211	156369710	2500	+	57127	RHBG	FALSE	FALSE	FALSE	FALSE	TRUE	FALSE
chr1	157897757	157900256	2500	-	922	CD5L	FALSE	FALSE	FALSE	FALSE	TRUE	FALSE
chr1	159585826	159588325	2500	+	325	APCS	FALSE	FALSE	FALSE	FALSE	TRUE	FALSE
chr1	159714090	159716589	2500	-	1401	CRP	FALSE	FALSE	FALSE	FALSE	TRUE	FALSE
chr1	161223132	161225631	2500	-	336	APOA2	FALSE	FALSE	FALSE	FALSE	TRUE	FALSE
chr1	161237745	161240244	2500	-	9970	NR1I3	FALSE	FALSE	FALSE	FALSE	TRUE	FALSE
chr1	169586089	169588588	2500	-	2153	F5	FALSE	FALSE	FALSE	FALSE	TRUE	FALSE
chr1	171088901	171091400	2500	+	2328	FMO3	FALSE	FALSE	FALSE	FALSE	TRUE	FALSE
chr1	173916879	173919378	2500	-	462	SERPINC1	FALSE	FALSE	FALSE	FALSE	TRUE	FALSE
chr1	186294279	186296778	2500	+	10216	PRG4	FALSE	FALSE	FALSE	FALSE	TRUE	FALSE
chr1	192573763	192576262	2500	+	5996	RGS1	FALSE	FALSE	FALSE	FALSE	TRUE	FALSE
chr1	196650043	196652542	2500	+	3075	CFH	FALSE	FALSE	FALSE	FALSE	TRUE	FALSE
chr1	196772813	196775312	2500	+	10878	CFHR3	FALSE	FALSE	FALSE	FALSE	TRUE	FALSE
chr1	196817731	196820230	2500	+	3078	CFHR1	FALSE	FALSE	FALSE	FALSE	TRUE	FALSE
chr1	196886014	196888513	2500	+	10877	CFHR4	FALSE	FALSE	FALSE	FALSE	TRUE	FALSE
chr1	196941738	196944237	2500	+	3080	CFHR2	FALSE	FALSE	FALSE	FALSE	TRUE	FALSE
chr1	196975556	196978055	2500	+	81494	CFHR5	FALSE	FALSE	FALSE	FALSE	TRUE	FALSE
chr1	197066761	197069260	2500	-	2165	F13B	FALSE	FALSE	FALSE	FALSE	TRUE	FALSE
chr1	197909902	197912401	2500	+	56956	LHX9	FALSE	FALSE	FALSE	FALSE	TRUE	FALSE
chr1	203186205	203188704	2500	-	1116	CHI3L1	FALSE	FALSE	FALSE	FALSE	TRUE	FALSE
chr1	206895443	206897942	2500	+	11009	IL24	FALSE	FALSE	FALSE	FALSE	TRUE	FALSE
chr1	207102233	207104732	2500	+	722	C4BPA	FALSE	FALSE	FALSE	FALSE	TRUE	FALSE
chr1	209684178	209686677	2500	+	3290	HSD11B1	FALSE	FALSE	FALSE	FALSE	TRUE	FALSE
chr1	210233548	210236047	2500	-	574036	SERTAD4-AS1	FALSE	FALSE	FALSE	FALSE	TRUE	FALSE
chr1	219958148	219960647	2500	-	55532	SLC30A10	FALSE	FALSE	FALSE	FALSE	TRUE	FALSE
chr1	230794993	230797492	2500	-	183	AGT	FALSE	FALSE	FALSE	FALSE	TRUE	FALSE
chr1	241530134	241532633	2500	+	8564	KMO	FALSE	FALSE	FALSE	FALSE	TRUE	FALSE
chr10	4891476	4893975	2500	-	389932	AKR1C6P	FALSE	FALSE	FALSE	FALSE	TRUE	FALSE
chr10	4961253	4963752	2500	+	1645	AKR1C1	FALSE	FALSE	FALSE	FALSE	TRUE	FALSE
chr10	5193463	5195962	2500	+	1109	AKR1C4	FALSE	FALSE	FALSE	FALSE	TRUE	FALSE
chr10	7701316	7703815	2500	+	3698	ITIH2	FALSE	FALSE	FALSE	FALSE	TRUE	FALSE
chr10	46368759	46371258	2500	+	728113	ANXA8L1	FALSE	FALSE	FALSE	FALSE	TRUE	FALSE
chr10	47320454	47322953	2500	+	2658	GDF2	FALSE	FALSE	FALSE	FALSE	TRUE	FALSE
chr10	52772285	52774784	2500	-	4153	MBL2	FALSE	FALSE	FALSE	FALSE	TRUE	FALSE
chr10	58997482	58999981	2500	+	100507008	LINC00844	FALSE	FALSE	FALSE	FALSE	TRUE	FALSE
chr10	72891584	72894083	2500	+	170392	OIT3	FALSE	FALSE	FALSE	FALSE	TRUE	FALSE
chr10	80289159	80291658	2500	-	4143	MAT1A	FALSE	FALSE	FALSE	FALSE	TRUE	FALSE
chr10	81873194	81875693	2500	+	10718	NRG3	FALSE	FALSE	FALSE	FALSE	TRUE	FALSE
chr10	93601245	93603744	2500	-	5950	RBP4	FALSE	FALSE	FALSE	FALSE	TRUE	FALSE
chr10	94686154	94688653	2500	+	1557	CYP2C19	FALSE	FALSE	FALSE	FALSE	TRUE	FALSE
chr10	94936658	94939157	2500	+	1559	CYP2C9	FALSE	FALSE	FALSE	FALSE	TRUE	FALSE
chr10	95068998	95071497	2500	-	1558	CYP2C8	FALSE	FALSE	FALSE	FALSE	TRUE	FALSE
chr10	97582323	97584822	2500	+	112817	HOGA1	FALSE	FALSE	FALSE	FALSE	TRUE	FALSE
chr10	99530942	99533441	2500	+	159296	NKX2-3	FALSE	FALSE	FALSE	FALSE	TRUE	FALSE
chr10	100081370	100083869	2500	-	1369	CPN1	FALSE	FALSE	FALSE	FALSE	TRUE	FALSE
chr10	102836973	102839472	2500	-	1586	CYP17A1	FALSE	FALSE	FALSE	FALSE	TRUE	FALSE
chr10	133518406	133520905	2500	+	1571	CYP2E1	FALSE	FALSE	FALSE	FALSE	TRUE	FALSE
chr11	1663597	1666096	2500	+	387742	FAM99A	FALSE	FALSE	FALSE	FALSE	TRUE	FALSE
chr11	1685130	1687629	2500	-	100132464	FAM99B	FALSE	FALSE	FALSE	FALSE	TRUE	FALSE
chr11	1753375	1755874	2500	-	402778	IFITM10	FALSE	FALSE	FALSE	FALSE	TRUE	FALSE
chr11	4641420	4643919	2500	+	143503	OR51E1	FALSE	FALSE	FALSE	FALSE	TRUE	FALSE
chr11	6442118	6444617	2500	-	3263	HPX	FALSE	FALSE	FALSE	FALSE	TRUE	FALSE
chr11	18236303	18238802	2500	-	6291	SAA4	FALSE	FALSE	FALSE	FALSE	TRUE	FALSE
chr11	18248169	18250668	2500	-	6289	SAA2	FALSE	FALSE	FALSE	FALSE	TRUE	FALSE
chr11	35419564	35422063	2500	-	6506	SLC1A2	FALSE	FALSE	FALSE	FALSE	TRUE	FALSE
chr11	45769432	45771931	2500	+	374387	LINC02716	FALSE	FALSE	FALSE	FALSE	TRUE	FALSE
chr11	46717196	46719695	2500	+	2147	F2	FALSE	FALSE	FALSE	FALSE	TRUE	FALSE
chr11	57595387	57597886	2500	+	710	SERPING1	FALSE	FALSE	FALSE	FALSE	TRUE	FALSE
chr11	58731475	58733974	2500	-	10249	GLYAT	FALSE	FALSE	FALSE	FALSE	TRUE	FALSE
chr11	60376485	60378984	2500	+	58475	MS4A7	FALSE	FALSE	FALSE	FALSE	TRUE	FALSE
chr11	60490778	60493277	2500	+	54860	MS4A12	FALSE	FALSE	FALSE	FALSE	TRUE	FALSE
chr11	62689031	62691530	2500	-	221091	LRRN4CL	FALSE	FALSE	FALSE	FALSE	TRUE	FALSE
chr11	63229153	63231652	2500	-	387601	SLC22A25	FALSE	FALSE	FALSE	FALSE	TRUE	FALSE
chr11	63135867	63138366	2500	+	387775	SLC22A10	FALSE	FALSE	FALSE	FALSE	TRUE	FALSE
chr11	63367785	63370284	2500	+	114571	SLC22A9	FALSE	FALSE	FALSE	FALSE	TRUE	FALSE
chr11	66957887	66960386	2500	-	5091	PC	FALSE	FALSE	FALSE	FALSE	TRUE	FALSE
chr11	67004778	67007277	2500	+	91683	SYT12	FALSE	FALSE	FALSE	FALSE	TRUE	FALSE
chr11	69479662	69482161	2500	+	101928292	LINC01488	FALSE	FALSE	FALSE	FALSE	TRUE	FALSE
chr11	78061861	78064360	2500	+	7069	THRSP	FALSE	FALSE	FALSE	FALSE	TRUE	FALSE
chr11	112084903	112087402	2500	+	83875	BCO2	FALSE	FALSE	FALSE	FALSE	TRUE	FALSE
chr11	116791921	116794420	2500	-	116519	APOA5	FALSE	FALSE	FALSE	FALSE	TRUE	FALSE
chr11	116822805	116825304	2500	-	337	APOA4	FALSE	FALSE	FALSE	FALSE	TRUE	FALSE
chr11	116827706	116830205	2500	+	345	APOC3	FALSE	FALSE	FALSE	FALSE	TRUE	FALSE
chr11	116837123	116839622	2500	-	335	APOA1	FALSE	FALSE	FALSE	FALSE	TRUE	FALSE
chr12	214071	216570	2500	-	6539	SLC6A12	FALSE	FALSE	FALSE	FALSE	TRUE	FALSE
chr12	262374	264873	2500	-	6540	SLC6A13	FALSE	FALSE	FALSE	FALSE	TRUE	FALSE
chr12	6124271	6126770	2500	-	7450	VWF	FALSE	FALSE	FALSE	FALSE	TRUE	FALSE
chr12	6784858	6787357	2500	+	920	CD4	FALSE	FALSE	FALSE	FALSE	TRUE	FALSE
chr12	7129753	7132252	2500	-	83758	RBP5	FALSE	FALSE	FALSE	FALSE	TRUE	FALSE
chr12	8662389	8664888	2500	-	8076	MFAP5	FALSE	FALSE	FALSE	FALSE	TRUE	FALSE
chr12	9207896	9210395	2500	-	5858	PZP	FALSE	FALSE	FALSE	FALSE	TRUE	FALSE
chr12	10012925	10015424	2500	-	51266	CLEC1B	FALSE	FALSE	FALSE	FALSE	TRUE	FALSE
chr12	14843027	14845526	2500	-	420	ART4	FALSE	FALSE	FALSE	FALSE	TRUE	FALSE
chr12	21129194	21131693	2500	+	10599	SLCO1B1	FALSE	FALSE	FALSE	FALSE	TRUE	FALSE
chr12	21657299	21659798	2500	-	2998	GYS2	FALSE	FALSE	FALSE	FALSE	TRUE	FALSE
chr12	46831909	46834408	2500	-	55089	SLC38A4	FALSE	FALSE	FALSE	FALSE	TRUE	FALSE
chr12	56362358	56364857	2500	-	319	APOF	FALSE	FALSE	FALSE	FALSE	TRUE	FALSE
chr12	56750161	56752660	2500	+	8630	HSD17B6	FALSE	FALSE	FALSE	FALSE	TRUE	FALSE
chr12	56958875	56961374	2500	-	8608	RDH16	FALSE	FALSE	FALSE	FALSE	TRUE	FALSE
chr12	57432784	57435283	2500	+	3626	INHBC	FALSE	FALSE	FALSE	FALSE	TRUE	FALSE
chr12	57450323	57452822	2500	+	83729	INHBE	FALSE	FALSE	FALSE	FALSE	TRUE	FALSE
chr12	95941331	95943830	2500	+	144193	AMDHD1	FALSE	FALSE	FALSE	FALSE	TRUE	FALSE
chr12	100355074	100357573	2500	+	246213	SLC17A8	FALSE	FALSE	FALSE	FALSE	TRUE	FALSE
chr12	100471708	100474207	2500	+	9971	NR1H4	FALSE	FALSE	FALSE	FALSE	TRUE	FALSE
chr12	101473336	101475835	2500	+	121599	SPIC	FALSE	FALSE	FALSE	FALSE	TRUE	FALSE
chr12	102957911	102960410	2500	-	5053	PAH	FALSE	FALSE	FALSE	FALSE	TRUE	FALSE
chr12	103585273	103587772	2500	+	55576	STAB2	FALSE	FALSE	FALSE	FALSE	TRUE	FALSE
chr12	113425802	113428301	2500	-	10993	SDS	FALSE	FALSE	FALSE	FALSE	TRUE	FALSE
chr12	132610083	132612582	2500	-	100507055	LRCOL1	FALSE	FALSE	FALSE	FALSE	TRUE	FALSE
chr13	46104534	46107033	2500	-	1361	CPB2	FALSE	FALSE	FALSE	FALSE	TRUE	FALSE
chr13	95431604	95434103	2500	+	9071	CLDN10	FALSE	FALSE	FALSE	FALSE	TRUE	FALSE
chr13	113103788	113106287	2500	+	2155	F7	FALSE	FALSE	FALSE	FALSE	TRUE	FALSE
chr13	113156648	113159147	2500	+	8858	PROZ	FALSE	FALSE	FALSE	FALSE	TRUE	FALSE
chr14	57493368	57495867	2500	-	55195	CCDC198	FALSE	FALSE	FALSE	FALSE	TRUE	FALSE
chr14	69796742	69799241	2500	-	6554	SLC10A1	FALSE	FALSE	FALSE	FALSE	TRUE	FALSE
chr14	80387258	80389757	2500	-	1734	DIO2	FALSE	FALSE	FALSE	FALSE	TRUE	FALSE
chr14	88022519	88025018	2500	+	283587	LINC01146	FALSE	FALSE	FALSE	FALSE	TRUE	FALSE
chr14	94292769	94295268	2500	-	51156	SERPINA10	FALSE	FALSE	FALSE	FALSE	TRUE	FALSE
chr14	94322890	94325389	2500	-	866	SERPINA6	FALSE	FALSE	FALSE	FALSE	TRUE	FALSE
chr14	94390194	94392693	2500	-	5265	SERPINA1	FALSE	FALSE	FALSE	FALSE	TRUE	FALSE
chr14	94452301	94454800	2500	-	256394	SERPINA11	FALSE	FALSE	FALSE	FALSE	TRUE	FALSE
chr14	94517345	94519844	2500	-	145264	SERPINA12	FALSE	FALSE	FALSE	FALSE	TRUE	FALSE
chr14	94559442	94561941	2500	+	5267	SERPINA4	FALSE	FALSE	FALSE	FALSE	TRUE	FALSE
chr14	94559442	94561941	2500	+	5104	SERPINA5	FALSE	FALSE	FALSE	FALSE	TRUE	FALSE
chr14	94590058	94592557	2500	+	12	SERPINA3	FALSE	FALSE	FALSE	FALSE	TRUE	FALSE
chr14	100321339	100323838	2500	+	283600	SLC25A47	FALSE	FALSE	FALSE	FALSE	TRUE	FALSE
chr14	104083686	104086185	2500	+	374569	ASPG	FALSE	FALSE	FALSE	FALSE	TRUE	FALSE
chr14	104577764	104580263	2500	+	400258	C14orf180	FALSE	FALSE	FALSE	FALSE	TRUE	FALSE
chr15	45401828	45404327	2500	-	2628	GATM	FALSE	FALSE	FALSE	FALSE	TRUE	FALSE
chr15	52790579	52793078	2500	-	3175	ONECUT1	FALSE	FALSE	FALSE	FALSE	TRUE	FALSE
chr15	57373967	57376466	2500	+	84952	CGNL1	FALSE	FALSE	FALSE	FALSE	TRUE	FALSE
chr15	58498236	58500735	2500	-	101928694	LIPC-AS1	FALSE	FALSE	FALSE	FALSE	TRUE	FALSE
chr15	74367147	74369646	2500	-	1583	CYP11A1	FALSE	FALSE	FALSE	FALSE	TRUE	FALSE
chr15	74746845	74749344	2500	+	1544	CYP1A2	FALSE	FALSE	FALSE	FALSE	TRUE	FALSE
chr15	82985654	82988153	2500	-	9455	HOMER2	FALSE	FALSE	FALSE	FALSE	TRUE	FALSE
chr15	84882654	84885153	2500	+	9154	SLC28A1	FALSE	FALSE	FALSE	FALSE	TRUE	FALSE
chr15	89678928	89681427	2500	-	5346	PLIN1	FALSE	FALSE	FALSE	FALSE	TRUE	FALSE
chr16	20449461	20451960	2500	+	123876	ACSM2A	FALSE	FALSE	FALSE	FALSE	TRUE	FALSE
chr16	20575928	20578427	2500	-	348158	ACSM2B	FALSE	FALSE	FALSE	FALSE	TRUE	FALSE
chr16	22812162	22814661	2500	+	9956	HS3ST2	FALSE	FALSE	FALSE	FALSE	TRUE	FALSE
chr16	31391335	31393834	2500	+	3681	ITGAD	FALSE	FALSE	FALSE	FALSE	TRUE	FALSE
chr16	31427861	31430360	2500	-	1339	COX6A2	FALSE	FALSE	FALSE	FALSE	TRUE	FALSE
chr16	56606584	56609083	2500	+	4502	MT2A	FALSE	FALSE	FALSE	FALSE	TRUE	FALSE
chr16	56630659	56633158	2500	+	4499	MT1M	FALSE	FALSE	FALSE	FALSE	TRUE	FALSE
chr16	56655959	56658458	2500	+	4494	MT1F	FALSE	FALSE	FALSE	FALSE	TRUE	FALSE
chr16	56667566	56670065	2500	-	4495	MT1G	FALSE	FALSE	FALSE	FALSE	TRUE	FALSE
chr16	56680470	56682969	2500	+	4501	MT1X	FALSE	FALSE	FALSE	FALSE	TRUE	FALSE
chr16	67943632	67946131	2500	-	3931	LCAT	FALSE	FALSE	FALSE	FALSE	TRUE	FALSE
chr16	71562952	71565451	2500	+	100132529	TAT-AS1	FALSE	FALSE	FALSE	FALSE	TRUE	FALSE
chr16	71576593	71579092	2500	-	6898	TAT	FALSE	FALSE	FALSE	FALSE	TRUE	FALSE
chr16	72052505	72055004	2500	+	3240	HP	FALSE	FALSE	FALSE	FALSE	TRUE	FALSE
chr16	72061148	72063647	2500	+	3250	HPR	FALSE	FALSE	FALSE	FALSE	TRUE	FALSE
chr16	86193954	86196453	2500	+	100506542	LINC01082	FALSE	FALSE	FALSE	FALSE	TRUE	FALSE
chr16	86508600	86511099	2500	-	400550	FENDRR	FALSE	FALSE	FALSE	FALSE	TRUE	FALSE
chr17	1740836	1743335	2500	+	5345	SERPINF2	FALSE	FALSE	FALSE	FALSE	TRUE	FALSE
chr17	4769884	4772383	2500	+	9032	TM4SF5	FALSE	FALSE	FALSE	FALSE	TRUE	FALSE
chr17	4786964	4789463	2500	+	388323	GLTPD2	FALSE	FALSE	FALSE	FALSE	TRUE	FALSE
chr17	7115201	7117700	2500	-	433	ASGR2	FALSE	FALSE	FALSE	FALSE	TRUE	FALSE
chr17	7612064	7614563	2500	+	6462	SHBG	FALSE	FALSE	FALSE	FALSE	TRUE	FALSE
chr17	12663890	12666389	2500	+	93649	MYOCD	FALSE	FALSE	FALSE	FALSE	TRUE	FALSE
chr17	19493385	19495884	2500	+	55244	SLC47A1	FALSE	FALSE	FALSE	FALSE	TRUE	FALSE
chr17	28372592	28375091	2500	-	7448	VTN	FALSE	FALSE	FALSE	FALSE	TRUE	FALSE
chr17	35980998	35983497	2500	-	6360	CCL16	FALSE	FALSE	FALSE	FALSE	TRUE	FALSE
chr17	40013361	40015860	2500	+	1440	CSF3	FALSE	FALSE	FALSE	FALSE	TRUE	FALSE
chr17	42898797	42901296	2500	+	2538	G6PC1	FALSE	FALSE	FALSE	FALSE	TRUE	FALSE
chr17	49493293	49495792	2500	+	4804	NGFR	FALSE	FALSE	FALSE	FALSE	TRUE	FALSE
chr17	55262960	55265459	2500	+	3131	HLF	FALSE	FALSE	FALSE	FALSE	TRUE	FALSE
chr17	66256026	66258525	2500	-	350	APOH	FALSE	FALSE	FALSE	FALSE	TRUE	FALSE
chr17	68954893	68957392	2500	-	10351	ABCA8	FALSE	FALSE	FALSE	FALSE	TRUE	FALSE
chr17	69060450	69062949	2500	-	10350	ABCA9	FALSE	FALSE	FALSE	FALSE	TRUE	FALSE
chr17	69141396	69143895	2500	-	23460	ABCA6	FALSE	FALSE	FALSE	FALSE	TRUE	FALSE
chr17	81802132	81804631	2500	+	2642	GCGR	FALSE	FALSE	FALSE	FALSE	TRUE	FALSE
chr18	3219469	3221968	2500	-	8736	MYOM1	FALSE	FALSE	FALSE	FALSE	TRUE	FALSE
chr18	27184809	27187308	2500	-	83539	CHST9	FALSE	FALSE	FALSE	FALSE	TRUE	FALSE
chr18	31555009	31557508	2500	+	7276	TTR	FALSE	FALSE	FALSE	FALSE	TRUE	FALSE
chr18	63750935	63753434	2500	+	8710	SERPINB7	FALSE	FALSE	FALSE	FALSE	TRUE	FALSE
chr18	66603639	66606138	2500	-	28513	CDH19	FALSE	FALSE	FALSE	FALSE	TRUE	FALSE
chr19	1401071	1403570	2500	-	2593	GAMT	FALSE	FALSE	FALSE	FALSE	TRUE	FALSE
chr19	4151631	4154130	2500	+	84699	CREB3L3	FALSE	FALSE	FALSE	FALSE	TRUE	FALSE
chr19	4539568	4542067	2500	-	440503	PLIN5	FALSE	FALSE	FALSE	FALSE	TRUE	FALSE
chr19	4539537	4542036	2500	-	116844	LRG1	FALSE	FALSE	FALSE	FALSE	TRUE	FALSE
chr19	6670089	6672588	2500	-	8740	TNFSF14	FALSE	FALSE	FALSE	FALSE	TRUE	FALSE
chr19	6730063	6732562	2500	-	718	C3	FALSE	FALSE	FALSE	FALSE	TRUE	FALSE
chr19	7745163	7747662	2500	-	339390	CLEC4G	FALSE	FALSE	FALSE	FALSE	TRUE	FALSE
chr19	7761210	7763709	2500	+	10332	CLEC4M	FALSE	FALSE	FALSE	FALSE	TRUE	FALSE
chr19	10035803	10038302	2500	+	388503	C3P1	FALSE	FALSE	FALSE	FALSE	TRUE	FALSE
chr19	10102297	10104796	2500	-	83854	ANGPTL6	FALSE	FALSE	FALSE	FALSE	TRUE	FALSE
chr19	11235450	11237949	2500	+	55908	ANGPTL8	FALSE	FALSE	FALSE	FALSE	TRUE	FALSE
chr19	15498457	15500956	2500	-	114770	PGLYRP2	FALSE	FALSE	FALSE	FALSE	TRUE	FALSE
chr19	15506525	15509024	2500	+	126410	CYP4F22	FALSE	FALSE	FALSE	FALSE	TRUE	FALSE
chr19	35105808	35108307	2500	-	100128675	HPN-AS1	FALSE	FALSE	FALSE	FALSE	TRUE	FALSE
chr19	35136824	35139323	2500	+	5348	FXYD1	FALSE	FALSE	FALSE	FALSE	TRUE	FALSE
chr19	35278716	35281215	2500	+	57817	HAMP	FALSE	FALSE	FALSE	FALSE	TRUE	FALSE
chr19	35812800	35815299	2500	-	58510	PRODH2	FALSE	FALSE	FALSE	FALSE	TRUE	FALSE
chr19	40849948	40852447	2500	-	1548	CYP2A6	FALSE	FALSE	FALSE	FALSE	TRUE	FALSE
chr19	40882253	40884752	2500	-	1549	CYP2A7	FALSE	FALSE	FALSE	FALSE	TRUE	FALSE
chr19	40922219	40924718	2500	+	1556	CYP2B7P	FALSE	FALSE	FALSE	FALSE	TRUE	FALSE
chr19	41533340	41535839	2500	+	101927931	LINC01480	FALSE	FALSE	FALSE	FALSE	TRUE	FALSE
chr19	43351686	43354185	2500	+	57126	CD177	FALSE	FALSE	FALSE	FALSE	TRUE	FALSE
chr19	44903791	44906290	2500	+	348	APOE	FALSE	FALSE	FALSE	FALSE	TRUE	FALSE
chr19	44912247	44914746	2500	+	341	APOC1	FALSE	FALSE	FALSE	FALSE	TRUE	FALSE
chr19	44924804	44927303	2500	+	342	APOC1P1	FALSE	FALSE	FALSE	FALSE	TRUE	FALSE
chr19	44940238	44942737	2500	+	100533990	APOC4-APOC2	FALSE	FALSE	FALSE	FALSE	TRUE	FALSE
chr19	48753524	48756023	2500	+	26291	FGF21	FALSE	FALSE	FALSE	FALSE	TRUE	FALSE
chr19	50514191	50516690	2500	-	554235	ASPDH	FALSE	FALSE	FALSE	FALSE	TRUE	FALSE
chr19	54370059	54372558	2500	-	3903	LAIR1	FALSE	FALSE	FALSE	FALSE	TRUE	FALSE
chr19	58362252	58364751	2500	-	1	A1BG	FALSE	FALSE	FALSE	FALSE	TRUE	FALSE
chr19	58345718	58348217	2500	+	503538	A1BG-AS1	FALSE	FALSE	FALSE	FALSE	TRUE	FALSE
chr19	58511493	58513992	2500	-	10998	SLC27A5	FALSE	FALSE	FALSE	FALSE	TRUE	FALSE
chr2	3592832	3595331	2500	+	78989	COLEC11	FALSE	FALSE	FALSE	FALSE	TRUE	FALSE
chr2	3656200	3658699	2500	+	55821	ALLC	FALSE	FALSE	FALSE	FALSE	TRUE	FALSE
chr2	21043574	21046073	2500	-	338	APOB	FALSE	FALSE	FALSE	FALSE	TRUE	FALSE
chr2	27494839	27497338	2500	+	2646	GCKR	FALSE	FALSE	FALSE	FALSE	TRUE	FALSE
chr2	31580439	31582938	2500	-	6716	SRD5A2	FALSE	FALSE	FALSE	FALSE	TRUE	FALSE
chr2	34187813	34190312	2500	+	104355288	LINC01320	FALSE	FALSE	FALSE	FALSE	TRUE	FALSE
chr2	43838366	43840865	2500	-	64240	ABCG5	FALSE	FALSE	FALSE	FALSE	TRUE	FALSE
chr2	43829942	43832441	2500	+	64241	ABCG8	FALSE	FALSE	FALSE	FALSE	TRUE	FALSE
chr2	73641923	73644422	2500	-	9027	NAT8	FALSE	FALSE	FALSE	FALSE	TRUE	FALSE
chr2	73890314	73892813	2500	+	72	ACTG2	FALSE	FALSE	FALSE	FALSE	TRUE	FALSE
chr2	106380171	106382670	2500	+	285189	PLGLA	FALSE	FALSE	FALSE	FALSE	TRUE	FALSE
chr2	112836317	112838816	2500	-	3553	IL1B	FALSE	FALSE	FALSE	FALSE	TRUE	FALSE
chr2	119524802	119527301	2500	-	6344	SCTR	FALSE	FALSE	FALSE	FALSE	TRUE	FALSE
chr2	119542432	119544931	2500	+	200373	CFAP221	FALSE	FALSE	FALSE	FALSE	TRUE	FALSE
chr2	127416427	127418926	2500	+	5624	PROC	FALSE	FALSE	FALSE	FALSE	TRUE	FALSE
chr2	134836616	134839115	2500	+	130013	ACMSD	FALSE	FALSE	FALSE	FALSE	TRUE	FALSE
chr2	136117650	136120149	2500	-	7852	CXCR4	FALSE	FALSE	FALSE	FALSE	TRUE	FALSE
chr2	169030825	169033324	2500	-	8647	ABCB11	FALSE	FALSE	FALSE	FALSE	TRUE	FALSE
chr2	176127694	176130193	2500	+	3234	HOXD8	FALSE	FALSE	FALSE	FALSE	TRUE	FALSE
chr2	187565261	187567760	2500	-	7035	TFPI	FALSE	FALSE	FALSE	FALSE	TRUE	FALSE
chr2	200584014	200586513	2500	+	316	AOX1	FALSE	FALSE	FALSE	FALSE	TRUE	FALSE
chr2	210224948	210227447	2500	-	33	ACADL	FALSE	FALSE	FALSE	FALSE	TRUE	FALSE
chr2	210475682	210478181	2500	+	1373	CPS1	FALSE	FALSE	FALSE	FALSE	TRUE	FALSE
chr2	218779749	218782248	2500	+	1593	CYP27A1	FALSE	FALSE	FALSE	FALSE	TRUE	FALSE
chr2	219416377	219418876	2500	+	1674	DES	FALSE	FALSE	FALSE	FALSE	TRUE	FALSE
chr2	233716736	233719235	2500	+	54657	UGT1A4	FALSE	FALSE	FALSE	FALSE	TRUE	FALSE
chr2	233915373	233917872	2500	+	79054	TRPM8	FALSE	FALSE	FALSE	FALSE	TRUE	FALSE
chr2	234048679	234051178	2500	+	6694	SPP2	FALSE	FALSE	FALSE	FALSE	TRUE	FALSE
chr2	240866824	240869323	2500	+	189	AGXT	FALSE	FALSE	FALSE	FALSE	TRUE	FALSE
chr20	3069620	3072119	2500	+	5020	OXT	FALSE	FALSE	FALSE	FALSE	TRUE	FALSE
chr20	3706629	3709128	2500	-	6614	SIGLEC1	FALSE	FALSE	FALSE	FALSE	TRUE	FALSE
chr20	7939959	7942458	2500	-	54363	HAO1	FALSE	FALSE	FALSE	FALSE	TRUE	FALSE
chr20	24467629	24470128	2500	+	79953	SYNDIG1	FALSE	FALSE	FALSE	FALSE	TRUE	FALSE
chr20	38344482	38346981	2500	+	3929	LBP	FALSE	FALSE	FALSE	FALSE	TRUE	FALSE
chr20	40002216	40004715	2500	+	100505663	LINC01370	FALSE	FALSE	FALSE	FALSE	TRUE	FALSE
chr20	63377494	63379993	2500	-	1137	CHRNA4	FALSE	FALSE	FALSE	FALSE	TRUE	FALSE
chr20	63694652	63697151	2500	+	8771	TNFRSF6B	FALSE	FALSE	FALSE	FALSE	TRUE	FALSE
chr21	6559284	6561783	2500	+	102724652	CRYAA2	FALSE	FALSE	FALSE	FALSE	TRUE	FALSE
chr21	6558714	6561213	2500	+	1409	CRYAA	FALSE	FALSE	FALSE	FALSE	TRUE	FALSE
chr22	17561450	17563949	2500	+	83733	SLC25A18	FALSE	FALSE	FALSE	FALSE	TRUE	FALSE
chr22	17588693	17591192	2500	-	101929372	LOC101929372	FALSE	FALSE	FALSE	FALSE	TRUE	FALSE
chr22	20772113	20774612	2500	+	3053	SERPIND1	FALSE	FALSE	FALSE	FALSE	TRUE	FALSE
chr22	24179487	24181986	2500	+	56241	SUSD2	FALSE	FALSE	FALSE	FALSE	TRUE	FALSE
chr22	30394941	30397440	2500	+	23541	SEC14L2	FALSE	FALSE	FALSE	FALSE	TRUE	FALSE
chr22	37109214	37111713	2500	-	164656	TMPRSS6	FALSE	FALSE	FALSE	FALSE	TRUE	FALSE
chr22	42130311	42132810	2500	-	1565	CYP2D6	FALSE	FALSE	FALSE	FALSE	TRUE	FALSE
chr22	42141425	42143924	2500	-	1564	CYP2D7	FALSE	FALSE	FALSE	FALSE	TRUE	FALSE
chr22	43409196	43411695	2500	+	758	MPPED1	FALSE	FALSE	FALSE	FALSE	TRUE	FALSE
chr3	10707508	10710007	2500	-	491	ATP2B2	FALSE	FALSE	FALSE	FALSE	TRUE	FALSE
chr3	42875380	42877879	2500	-	1582	CYP8B1	FALSE	FALSE	FALSE	FALSE	TRUE	FALSE
chr3	46495976	46498475	2500	+	83597	RTP3	FALSE	FALSE	FALSE	FALSE	TRUE	FALSE
chr3	46875721	46878220	2500	+	5745	PTH1R	FALSE	FALSE	FALSE	FALSE	TRUE	FALSE
chr3	49689002	49691501	2500	-	4485	MST1	FALSE	FALSE	FALSE	FALSE	TRUE	FALSE
chr3	50203246	50205745	2500	+	10991	SLC38A3	FALSE	FALSE	FALSE	FALSE	TRUE	FALSE
chr3	52493338	52495837	2500	+	23166	STAB1	FALSE	FALSE	FALSE	FALSE	TRUE	FALSE
chr3	52775595	52778094	2500	+	3697	ITIH1	FALSE	FALSE	FALSE	FALSE	TRUE	FALSE
chr3	52792768	52795267	2500	+	3699	ITIH3	FALSE	FALSE	FALSE	FALSE	TRUE	FALSE
chr3	52835230	52837729	2500	-	3700	ITIH4	FALSE	FALSE	FALSE	FALSE	TRUE	FALSE
chr3	55489446	55491945	2500	-	7474	WNT5A	FALSE	FALSE	FALSE	FALSE	TRUE	FALSE
chr3	80991854	80994353	2500	+	728290	LINC02027	FALSE	FALSE	FALSE	FALSE	TRUE	FALSE
chr3	126517274	126519773	2500	-	131669	UROC1	FALSE	FALSE	FALSE	FALSE	TRUE	FALSE
chr3	133659998	133662497	2500	+	7018	TF	FALSE	FALSE	FALSE	FALSE	TRUE	FALSE
chr3	142910116	142912615	2500	+	100507389	LOC100507389	FALSE	FALSE	FALSE	FALSE	TRUE	FALSE
chr3	142963175	142965674	2500	-	344838	PAQR9	FALSE	FALSE	FALSE	FALSE	TRUE	FALSE
chr3	147391895	147394394	2500	+	7545	ZIC1	FALSE	FALSE	FALSE	FALSE	TRUE	FALSE
chr3	148695784	148698283	2500	+	185	AGTR1	FALSE	FALSE	FALSE	FALSE	TRUE	FALSE
chr3	149221330	149223829	2500	-	1356	CP	FALSE	FALSE	FALSE	FALSE	TRUE	FALSE
chr3	151812073	151814572	2500	+	13	AADAC	FALSE	FALSE	FALSE	FALSE	TRUE	FALSE
chr3	165836963	165839462	2500	-	590	BCHE	FALSE	FALSE	FALSE	FALSE	TRUE	FALSE
chr3	171026244	171028743	2500	-	6514	SLC2A2	FALSE	FALSE	FALSE	FALSE	TRUE	FALSE
chr3	177439910	177442409	2500	+	100505566	LINC00578	FALSE	FALSE	FALSE	FALSE	TRUE	FALSE
chr3	177814865	177817364	2500	+	102724550	LINC02015	FALSE	FALSE	FALSE	FALSE	TRUE	FALSE
chr3	184381469	184383968	2500	-	7066	THPO	FALSE	FALSE	FALSE	FALSE	TRUE	FALSE
chr3	184378073	184380572	2500	+	8646	CHRD	FALSE	FALSE	FALSE	FALSE	TRUE	FALSE
chr3	186611060	186613559	2500	+	197	AHSG	FALSE	FALSE	FALSE	FALSE	TRUE	FALSE
chr3	186664014	186666513	2500	+	3273	HRG	FALSE	FALSE	FALSE	FALSE	TRUE	FALSE
chr3	186715348	186717847	2500	+	3827	KNG1	FALSE	FALSE	FALSE	FALSE	TRUE	FALSE
chr3	187291481	187293980	2500	-	5648	MASP1	FALSE	FALSE	FALSE	FALSE	TRUE	FALSE
chr3	188947140	188949639	2500	-	100874043	TPRG1-AS1	FALSE	FALSE	FALSE	FALSE	TRUE	FALSE
chr3	194350829	194353328	2500	-	1370	CPN2	FALSE	FALSE	FALSE	FALSE	TRUE	FALSE
chr3	194369244	194371743	2500	-	131578	LRRC15	FALSE	FALSE	FALSE	FALSE	TRUE	FALSE
chr4	3439968	3442467	2500	+	3083	HGFAC	FALSE	FALSE	FALSE	FALSE	TRUE	FALSE
chr4	25646011	25648510	2500	+	10568	SLC34A2	FALSE	FALSE	FALSE	FALSE	TRUE	FALSE
chr4	39404930	39407429	2500	+	152831	KLB	FALSE	FALSE	FALSE	FALSE	TRUE	FALSE
chr4	69525515	69528014	2500	-	7363	UGT2B4	FALSE	FALSE	FALSE	FALSE	TRUE	FALSE
chr4	71803542	71806041	2500	-	2638	GC	FALSE	FALSE	FALSE	FALSE	TRUE	FALSE
chr4	73479745	73482244	2500	+	173	AFM	FALSE	FALSE	FALSE	FALSE	TRUE	FALSE
chr4	73506803	73509302	2500	+	728040	LINC02499	FALSE	FALSE	FALSE	FALSE	TRUE	FALSE
chr4	73867393	73869892	2500	+	2919	CXCL1	FALSE	FALSE	FALSE	FALSE	TRUE	FALSE
chr4	81028708	81031207	2500	+	651	BMP3	FALSE	FALSE	FALSE	FALSE	TRUE	FALSE
chr4	87344711	87347210	2500	-	345275	HSD17B13	FALSE	FALSE	FALSE	FALSE	TRUE	FALSE
chr4	87530562	87533061	2500	-	8404	SPARCL1	FALSE	FALSE	FALSE	FALSE	TRUE	FALSE
chr4	99157293	99159792	2500	-	127	ADH4	FALSE	FALSE	FALSE	FALSE	TRUE	FALSE
chr4	99290504	99293003	2500	-	124	ADH1A	FALSE	FALSE	FALSE	FALSE	TRUE	FALSE
chr4	99352261	99354760	2500	-	125	ADH1B	FALSE	FALSE	FALSE	FALSE	TRUE	FALSE
chr4	99561761	99564260	2500	+	4547	MTTP	FALSE	FALSE	FALSE	FALSE	TRUE	FALSE
chr4	103253826	103256325	2500	+	101929448	LINC02428	FALSE	FALSE	FALSE	FALSE	TRUE	FALSE
chr4	108762555	108765054	2500	-	64850	ETNPPL	FALSE	FALSE	FALSE	FALSE	TRUE	FALSE
chr4	137531995	137534494	2500	-	54510	PCDH18	FALSE	FALSE	FALSE	FALSE	TRUE	FALSE
chr4	154561011	154563510	2500	+	2244	FGB	FALSE	FALSE	FALSE	FALSE	TRUE	FALSE
chr4	154590246	154592745	2500	-	2243	FGA	FALSE	FALSE	FALSE	FALSE	TRUE	FALSE
chr4	154612468	154614967	2500	-	2266	FGG	FALSE	FALSE	FALSE	FALSE	TRUE	FALSE
chr4	154624961	154627460	2500	+	9227	LRAT	FALSE	FALSE	FALSE	FALSE	TRUE	FALSE
chr4	155852738	155855237	2500	+	6999	TDO2	FALSE	FALSE	FALSE	FALSE	TRUE	FALSE
chr4	168090537	168093036	2500	+	11199	ANXA10	FALSE	FALSE	FALSE	FALSE	TRUE	FALSE
chr4	184899054	184901553	2500	-	100506229	LINC01093	FALSE	FALSE	FALSE	FALSE	TRUE	FALSE
chr4	186206979	186209478	2500	+	3818	KLKB1	FALSE	FALSE	FALSE	FALSE	TRUE	FALSE
chr5	35047636	35050135	2500	-	64902	AGXT2	FALSE	FALSE	FALSE	FALSE	TRUE	FALSE
chr5	36000529	36003028	2500	-	133688	UGT3A1	FALSE	FALSE	FALSE	FALSE	TRUE	FALSE
chr5	38607855	38610354	2500	-	3977	LIFR	FALSE	FALSE	FALSE	FALSE	TRUE	FALSE
chr5	39424369	39426868	2500	-	735	C9	FALSE	FALSE	FALSE	FALSE	TRUE	FALSE
chr5	40907497	40909996	2500	+	730	C7	FALSE	FALSE	FALSE	FALSE	TRUE	FALSE
chr5	41260939	41263438	2500	-	729	C6	FALSE	FALSE	FALSE	FALSE	TRUE	FALSE
chr5	41510129	41512628	2500	-	345557	PLCXD3	FALSE	FALSE	FALSE	FALSE	TRUE	FALSE
chr5	42421439	42423938	2500	+	2690	GHR	FALSE	FALSE	FALSE	FALSE	TRUE	FALSE
chr5	53478626	53481125	2500	+	10468	FST	FALSE	FALSE	FALSE	FALSE	TRUE	FALSE
chr5	57898663	57901162	2500	-	101928539	LINC02225	FALSE	FALSE	FALSE	FALSE	TRUE	FALSE
chr5	76951045	76953544	2500	+	1393	CRHBP	FALSE	FALSE	FALSE	FALSE	TRUE	FALSE
chr5	78358611	78361110	2500	+	9522	SCAMP1	FALSE	FALSE	FALSE	FALSE	TRUE	FALSE
chr5	79235539	79238038	2500	-	29958	DMGDH	FALSE	FALSE	FALSE	FALSE	TRUE	FALSE
chr5	79067767	79070266	2500	+	23743	BHMT2	FALSE	FALSE	FALSE	FALSE	TRUE	FALSE
chr5	79109809	79112308	2500	+	635	BHMT	FALSE	FALSE	FALSE	FALSE	TRUE	FALSE
chr5	81393680	81396179	2500	-	134526	ACOT12	FALSE	FALSE	FALSE	FALSE	TRUE	FALSE
chr5	83720356	83722855	2500	-	1404	HAPLN1	FALSE	FALSE	FALSE	FALSE	TRUE	FALSE
chr5	90527344	90529843	2500	+	84059	ADGRV1	FALSE	FALSE	FALSE	FALSE	TRUE	FALSE
chr5	95836245	95838744	2500	+	202299	LINC01554	FALSE	FALSE	FALSE	FALSE	TRUE	FALSE
chr5	115816160	115818659	2500	-	1036	CDO1	FALSE	FALSE	FALSE	FALSE	TRUE	FALSE
chr5	128658686	128661185	2500	-	2201	FBN2	FALSE	FALSE	FALSE	FALSE	TRUE	FALSE
chr5	132871444	132873943	2500	+	116842	LEAP2	FALSE	FALSE	FALSE	FALSE	TRUE	FALSE
chr5	135578780	135581279	2500	-	9547	CXCL14	FALSE	FALSE	FALSE	FALSE	TRUE	FALSE
chr5	135954484	135956983	2500	-	3950	LECT2	FALSE	FALSE	FALSE	FALSE	TRUE	FALSE
chr5	149139483	149141982	2500	+	22885	ABLIM3	FALSE	FALSE	FALSE	FALSE	TRUE	FALSE
chr5	151018438	151020937	2500	+	2878	GPX3	FALSE	FALSE	FALSE	FALSE	TRUE	FALSE
chr5	159937267	159939766	2500	-	101927766	LINC01847	FALSE	FALSE	FALSE	FALSE	TRUE	FALSE
chr5	159914482	159916981	2500	+	147	ADRA1B	FALSE	FALSE	FALSE	FALSE	TRUE	FALSE
chr6	1607915	1610414	2500	+	2296	FOXC1	FALSE	FALSE	FALSE	FALSE	TRUE	FALSE
chr6	3751214	3753713	2500	-	221749	PXDC1	FALSE	FALSE	FALSE	FALSE	TRUE	FALSE
chr6	6586108	6588607	2500	+	9450	LY86	FALSE	FALSE	FALSE	FALSE	TRUE	FALSE
chr6	8650137	8652636	2500	+	728655	HULC	FALSE	FALSE	FALSE	FALSE	TRUE	FALSE
chr6	19835370	19837869	2500	+	3400	ID4	FALSE	FALSE	FALSE	FALSE	TRUE	FALSE
chr6	24494706	24497205	2500	-	2822	GPLD1	FALSE	FALSE	FALSE	FALSE	TRUE	FALSE
chr6	25881787	25884286	2500	-	10786	SLC17A3	FALSE	FALSE	FALSE	FALSE	TRUE	FALSE
chr6	25930227	25932726	2500	-	10246	SLC17A2	FALSE	FALSE	FALSE	FALSE	TRUE	FALSE
chr6	26198794	26201293	2500	-	8351	H3C4	FALSE	FALSE	FALSE	FALSE	TRUE	FALSE
chr6	31650416	31652915	2500	+	55937	APOM	FALSE	FALSE	FALSE	FALSE	TRUE	FALSE
chr6	31925698	31928197	2500	+	629	CFB	FALSE	FALSE	FALSE	FALSE	TRUE	FALSE
chr6	31980057	31982556	2500	+	720	C4A	FALSE	FALSE	FALSE	FALSE	TRUE	FALSE
chr6	32003636	32006135	2500	+	1590	CYP21A1P	FALSE	FALSE	FALSE	FALSE	TRUE	FALSE
chr6	32036327	32038826	2500	+	1589	CYP21A2	FALSE	FALSE	FALSE	FALSE	TRUE	FALSE
chr6	33073990	33076489	2500	+	3115	HLA-DPB1	FALSE	FALSE	FALSE	FALSE	TRUE	FALSE
chr6	43293694	43296193	2500	+	10864	SLC22A7	FALSE	FALSE	FALSE	FALSE	TRUE	FALSE
chr6	54016916	54019415	2500	+	90523	MLIP	FALSE	FALSE	FALSE	FALSE	TRUE	FALSE
chr6	75205554	75208053	2500	-	1303	COL12A1	FALSE	FALSE	FALSE	FALSE	TRUE	FALSE
chr6	130825406	130827905	2500	+	100507203	SMLR1	FALSE	FALSE	FALSE	FALSE	TRUE	FALSE
chr6	131468832	131471331	2500	+	383	ARG1	FALSE	FALSE	FALSE	FALSE	TRUE	FALSE
chr6	160119815	160122314	2500	+	6580	SLC22A1	FALSE	FALSE	FALSE	FALSE	TRUE	FALSE
chr6	160663776	160666275	2500	-	4018	LPA	FALSE	FALSE	FALSE	FALSE	TRUE	FALSE
chr6	160700238	160702737	2500	+	5340	PLG	FALSE	FALSE	FALSE	FALSE	TRUE	FALSE
chr7	3299252	3301751	2500	+	221935	SDK1	FALSE	FALSE	FALSE	FALSE	TRUE	FALSE
chr7	30695985	30698484	2500	+	11185	INMT	FALSE	FALSE	FALSE	FALSE	TRUE	FALSE
chr7	32427632	32430131	2500	-	5137	PDE1C	FALSE	FALSE	FALSE	FALSE	TRUE	FALSE
chr7	45886360	45888859	2500	+	3484	IGFBP1	FALSE	FALSE	FALSE	FALSE	TRUE	FALSE
chr7	80390954	80393453	2500	-	101927269	LOC101927269	FALSE	FALSE	FALSE	FALSE	TRUE	FALSE
chr7	87479936	87482435	2500	-	5244	ABCB4	FALSE	FALSE	FALSE	FALSE	TRUE	FALSE
chr7	95324033	95326532	2500	-	5444	PON1	FALSE	FALSE	FALSE	FALSE	TRUE	FALSE
chr7	95395876	95398375	2500	-	5446	PON3	FALSE	FALSE	FALSE	FALSE	TRUE	FALSE
chr7	95596017	95598516	2500	-	5166	PDK4	FALSE	FALSE	FALSE	FALSE	TRUE	FALSE
chr7	99734603	99737102	2500	-	100861540	CYP3A7-CYP3A51P	FALSE	FALSE	FALSE	FALSE	TRUE	FALSE
chr7	99734697	99737196	2500	-	1551	CYP3A7	FALSE	FALSE	FALSE	FALSE	TRUE	FALSE
chr7	99783749	99786248	2500	-	1576	CYP3A4	FALSE	FALSE	FALSE	FALSE	TRUE	FALSE
chr7	99826013	99828512	2500	+	64816	CYP3A43	FALSE	FALSE	FALSE	FALSE	TRUE	FALSE
chr7	99978762	99981261	2500	+	646282	AZGP1P1	FALSE	FALSE	FALSE	FALSE	TRUE	FALSE
chr7	100718468	100720967	2500	+	2056	EPO	FALSE	FALSE	FALSE	FALSE	TRUE	FALSE
chr7	103989159	103991658	2500	-	5649	RELN	FALSE	FALSE	FALSE	FALSE	TRUE	FALSE
chr7	116522994	116525493	2500	+	857	CAV1	FALSE	FALSE	FALSE	FALSE	TRUE	FALSE
chr7	117322653	117325152	2500	-	7472	WNT2	FALSE	FALSE	FALSE	FALSE	TRUE	FALSE
chr7	138000324	138002823	2500	+	6718	AKR1D1	FALSE	FALSE	FALSE	FALSE	TRUE	FALSE
chr8	9247540	9250039	2500	+	157273	LOC157273	FALSE	FALSE	FALSE	FALSE	TRUE	FALSE
chr8	11674959	11677458	2500	+	2626	GATA4	FALSE	FALSE	FALSE	FALSE	TRUE	FALSE
chr8	11759256	11761755	2500	+	606553	LINC02905	FALSE	FALSE	FALSE	FALSE	TRUE	FALSE
chr8	17495088	17497587	2500	+	6542	SLC7A2	FALSE	FALSE	FALSE	FALSE	TRUE	FALSE
chr8	17909866	17912365	2500	-	2267	FGL1	FALSE	FALSE	FALSE	FALSE	TRUE	FALSE
chr8	26866779	26869278	2500	-	148	ADRA1A	FALSE	FALSE	FALSE	FALSE	TRUE	FALSE
chr8	27614201	27616700	2500	-	1191	CLU	FALSE	FALSE	FALSE	FALSE	TRUE	FALSE
chr8	27769949	27772448	2500	+	157570	ESCO2	FALSE	FALSE	FALSE	FALSE	TRUE	FALSE
chr8	38972228	38974727	2500	+	203100	HTRA4	FALSE	FALSE	FALSE	FALSE	TRUE	FALSE
chr8	66124896	66127395	2500	+	84675	TRIM55	FALSE	FALSE	FALSE	FALSE	TRUE	FALSE
chr8	66428185	66430684	2500	+	137872	ADHFE1	FALSE	FALSE	FALSE	FALSE	TRUE	FALSE
chr8	72075085	72077584	2500	-	8989	TRPA1	FALSE	FALSE	FALSE	FALSE	TRUE	FALSE
chr8	104466556	104469055	2500	-	1807	DPYS	FALSE	FALSE	FALSE	FALSE	TRUE	FALSE
chr8	118993452	118995951	2500	+	10584	COLEC10	FALSE	FALSE	FALSE	FALSE	TRUE	FALSE
chr9	72873636	72876135	2500	-	101927258	LINC01474	FALSE	FALSE	FALSE	FALSE	TRUE	FALSE
chr9	94639750	94642249	2500	-	2203	FBP1	FALSE	FALSE	FALSE	FALSE	TRUE	FALSE
chr9	101449165	101451664	2500	-	229	ALDOB	FALSE	FALSE	FALSE	FALSE	TRUE	FALSE
chr9	114077829	114080328	2500	-	259	AMBP	FALSE	FALSE	FALSE	FALSE	TRUE	FALSE
chr9	114321056	114323555	2500	+	5004	ORM1	FALSE	FALSE	FALSE	FALSE	TRUE	FALSE
chr9	114327869	114330368	2500	+	5005	ORM2	FALSE	FALSE	FALSE	FALSE	TRUE	FALSE
chr9	121049776	121052275	2500	-	727	C5	FALSE	FALSE	FALSE	FALSE	TRUE	FALSE
chr9	123999670	124002169	2500	+	9355	LHX2	FALSE	FALSE	FALSE	FALSE	TRUE	FALSE
chr9	133412358	133414857	2500	+	11093	ADAMTS13	FALSE	FALSE	FALSE	FALSE	TRUE	FALSE
chr9	133530164	133532663	2500	+	9719	ADAMTSL2	FALSE	FALSE	FALSE	FALSE	TRUE	FALSE
chr9	133608890	133611389	2500	-	642968	FAM163B	FALSE	FALSE	FALSE	FALSE	TRUE	FALSE
chr9	133634363	133636862	2500	+	1621	DBH	FALSE	FALSE	FALSE	FALSE	TRUE	FALSE
chr9	133656814	133659313	2500	-	138948	DBH-AS1	FALSE	FALSE	FALSE	FALSE	TRUE	FALSE
chr9	134878810	134881309	2500	+	2220	FCN2	FALSE	FALSE	FALSE	FALSE	TRUE	FALSE
chr9	136943185	136945684	2500	+	733	C8G	FALSE	FALSE	FALSE	FALSE	TRUE	FALSE
chrX	9295183	9297682	2500	-	171483	FAM9B	FALSE	FALSE	FALSE	FALSE	TRUE	FALSE
chrX	47076355	47078854	2500	+	9104	RGN	FALSE	FALSE	FALSE	FALSE	TRUE	FALSE
chrX	47629806	47632305	2500	-	5199	CFP	FALSE	FALSE	FALSE	FALSE	TRUE	FALSE
chrX	54998035	55000534	2500	-	5207	PFKFB1	FALSE	FALSE	FALSE	FALSE	TRUE	FALSE
chrX	67542021	67544520	2500	+	367	AR	FALSE	FALSE	FALSE	FALSE	TRUE	FALSE
chrX	103063672	103066171	2500	-	55859	BEX1	FALSE	FALSE	FALSE	FALSE	TRUE	FALSE
chrX	106038228	106040727	2500	-	6906	SERPINA7	FALSE	FALSE	FALSE	FALSE	TRUE	FALSE
chrX	124963318	124965817	2500	-	10178	TENM1	FALSE	FALSE	FALSE	FALSE	TRUE	FALSE
chrX	139528739	139531238	2500	+	2158	F9	FALSE	FALSE	FALSE	FALSE	TRUE	FALSE
chrX	16712437	16714936	2500	-	56474	CTPS2	FALSE	FALSE	FALSE	FALSE	FALSE	TRUE
chrX	154547073	154549572	2500	-	2539	G6PD	FALSE	FALSE	FALSE	FALSE	FALSE	TRUE
chr3	197572824	197575323	2500	-	622	BDH1	FALSE	FALSE	FALSE	FALSE	FALSE	TRUE
chrX	47188861	47191360	2500	+	7317	UBA1	FALSE	FALSE	FALSE	FALSE	FALSE	TRUE
