chr	start	end	geneID	geneSymbol	symbol	TCMeanCnt	TCCountValid	TCadjPval	enrichSig	SigPeakValue	ovSig
NA	NA	NA	NA	NA	NA	NA	NA	NA	NA	4.01725545975038	TRUE
NA	NA	NA	NA	NA	NA	NA	NA	NA	NA	3.62199088313249	TRUE
NA	NA	NA	NA	NA	NA	NA	NA	NA	NA	5.59679320981971	TRUE
NA	NA	NA	NA	NA	NA	NA	NA	NA	NA	4.62280567237611	TRUE
NA	NA	NA	NA	NA	NA	NA	NA	NA	NA	4.62280567237611	TRUE
NA	NA	NA	NA	NA	NA	NA	NA	NA	NA	5.04098900745532	TRUE
NA	NA	NA	NA	NA	NA	NA	NA	NA	NA	4.95715026876316	TRUE
NA	NA	NA	NA	NA	NA	NA	NA	NA	NA	5.2195101654068	TRUE
NA	NA	NA	NA	NA	NA	NA	NA	NA	NA	4.26412696467017	TRUE
NA	NA	NA	NA	NA	NA	NA	NA	NA	NA	4.15316983699576	TRUE
NA	NA	NA	NA	NA	NA	NA	NA	NA	NA	4.19323567417173	TRUE
NA	NA	NA	NA	NA	NA	NA	NA	NA	NA	6.00696610802109	TRUE
NA	NA	NA	NA	NA	NA	NA	NA	NA	NA	4.8199547270863	TRUE
NA	NA	NA	NA	NA	NA	2.20355771226997	57	0	TRUE	NA	NA
NA	NA	NA	NA	NA	NA	NA	NA	NA	NA	4.49174843901082	TRUE
NA	NA	NA	NA	NA	NA	NA	NA	NA	NA	3.95193009910514	TRUE
NA	NA	NA	NA	NA	NA	NA	NA	NA	NA	5.33917840430236	TRUE
NA	NA	NA	NA	NA	NA	NA	NA	NA	NA	4.52079161719979	TRUE
NA	NA	NA	NA	NA	NA	NA	NA	NA	NA	4.52079161719979	TRUE
NA	NA	NA	NA	NA	NA	NA	NA	NA	NA	6.00712399590868	TRUE
NA	NA	NA	NA	NA	NA	NA	NA	NA	NA	6.00712399590868	TRUE
NA	NA	NA	NA	NA	NA	NA	NA	NA	NA	4.97403955259934	TRUE
NA	NA	NA	NA	NA	NA	NA	NA	NA	NA	4.55622129878115	TRUE
NA	NA	NA	NA	NA	NA	2.19002964484474	138	0	TRUE	NA	NA
NA	NA	NA	NA	NA	NA	NA	NA	NA	NA	5.7475856057016	TRUE
NA	NA	NA	NA	NA	NA	NA	NA	NA	NA	4.54279187021571	TRUE
NA	NA	NA	NA	NA	NA	NA	NA	NA	NA	3.70445116178059	TRUE
NA	NA	NA	NA	NA	NA	NA	NA	NA	NA	4.8199547270863	TRUE
NA	NA	NA	NA	NA	NA	NA	NA	NA	NA	4.8199547270863	TRUE
NA	NA	NA	NA	NA	NA	NA	NA	NA	NA	4.62280567237611	TRUE
NA	NA	NA	NA	NA	NA	NA	NA	NA	NA	3.95571792216653	TRUE
NA	NA	NA	NA	NA	NA	NA	NA	NA	NA	3.91200286871031	TRUE
NA	NA	NA	NA	NA	NA	NA	NA	NA	NA	6.00696610802109	TRUE
NA	NA	NA	NA	NA	NA	NA	NA	NA	NA	5.74270983607772	TRUE
NA	NA	NA	NA	NA	NA	NA	NA	NA	NA	5.08261047253864	TRUE
NA	NA	NA	NA	NA	NA	NA	NA	NA	NA	4.44873224792829	TRUE
NA	NA	NA	NA	NA	NA	NA	NA	NA	NA	5.05896656454639	TRUE
NA	NA	NA	NA	NA	NA	NA	NA	NA	NA	6.00970190135217	TRUE
NA	NA	NA	NA	NA	NA	NA	NA	NA	NA	7.32006222930477	TRUE
NA	NA	NA	NA	NA	NA	NA	NA	NA	NA	6.73867845553757	TRUE
NA	NA	NA	NA	NA	NA	NA	NA	NA	NA	4.80074771412742	TRUE
NA	NA	NA	NA	NA	NA	NA	NA	NA	NA	5.475079086624	TRUE
NA	NA	NA	NA	NA	NA	NA	NA	NA	NA	6.4505996526475	TRUE
NA	NA	NA	NA	NA	NA	3.37977513188807	2	0	TRUE	NA	NA
NA	NA	NA	NA	NA	NA	NA	NA	NA	NA	6.42730737021252	TRUE
NA	NA	NA	NA	NA	NA	NA	NA	NA	NA	6.42730737021252	TRUE
NA	NA	NA	NA	NA	NA	NA	NA	NA	NA	4.33424703934928	TRUE
NA	NA	NA	NA	NA	NA	2.13849033798285	85	0	TRUE	6.41920808807645	TRUE
NA	NA	NA	NA	NA	NA	NA	NA	NA	NA	3.91200286871031	TRUE
NA	NA	NA	NA	NA	NA	NA	NA	NA	NA	3.91200286871031	TRUE
NA	NA	NA	NA	NA	NA	NA	NA	NA	NA	3.91200286871031	TRUE
NA	NA	NA	NA	NA	NA	NA	NA	NA	NA	3.91200286871031	TRUE
NA	NA	NA	NA	NA	NA	NA	NA	NA	NA	3.91200286871031	TRUE
NA	NA	NA	NA	NA	NA	NA	NA	NA	NA	3.91200286871031	TRUE
NA	NA	NA	NA	NA	NA	NA	NA	NA	NA	3.91200286871031	TRUE
NA	NA	NA	NA	NA	NA	NA	NA	NA	NA	3.91200286871031	TRUE
NA	NA	NA	NA	NA	NA	NA	NA	NA	NA	4.59439821170128	TRUE
NA	NA	NA	NA	NA	NA	NA	NA	NA	NA	4.59439821170128	TRUE
NA	NA	NA	NA	NA	NA	NA	NA	NA	NA	4.37025352995342	TRUE
NA	NA	NA	NA	NA	NA	NA	NA	NA	NA	4.37025352995342	TRUE
NA	NA	NA	NA	NA	NA	NA	NA	NA	NA	4.8199547270863	TRUE
NA	NA	NA	NA	NA	NA	NA	NA	NA	NA	4.91188720931337	TRUE
NA	NA	NA	NA	NA	NA	NA	NA	NA	NA	4.37447990136566	TRUE
NA	NA	NA	NA	NA	NA	NA	NA	NA	NA	4.52079161719979	TRUE
NA	NA	NA	NA	NA	NA	NA	NA	NA	NA	4.52079161719979	TRUE
NA	NA	NA	NA	NA	NA	NA	NA	NA	NA	4.52079161719979	TRUE
NA	NA	NA	NA	NA	NA	NA	NA	NA	NA	4.52079161719979	TRUE
NA	NA	NA	NA	NA	NA	NA	NA	NA	NA	4.52079161719979	TRUE
NA	NA	NA	NA	NA	NA	NA	NA	NA	NA	4.52079161719979	TRUE
NA	NA	NA	NA	NA	NA	NA	NA	NA	NA	4.52079161719979	TRUE
NA	NA	NA	NA	NA	NA	NA	NA	NA	NA	4.52079161719979	TRUE
NA	NA	NA	NA	NA	NA	NA	NA	NA	NA	5.95829024502404	TRUE
NA	NA	NA	NA	NA	NA	NA	NA	NA	NA	4.82968256568562	TRUE
NA	NA	NA	NA	NA	NA	NA	NA	NA	NA	4.5417712777623	TRUE
NA	NA	NA	NA	NA	NA	NA	NA	NA	NA	6.52381264170962	TRUE
NA	NA	NA	NA	NA	NA	NA	NA	NA	NA	6.00696610802109	TRUE
NA	NA	NA	NA	NA	NA	NA	NA	NA	NA	4.64727585126419	TRUE
NA	NA	NA	NA	NA	NA	NA	NA	NA	NA	5.32224940569153	TRUE
NA	NA	NA	NA	NA	NA	NA	NA	NA	NA	5.18208091882962	TRUE
NA	NA	NA	NA	NA	NA	NA	NA	NA	NA	5.18208091882962	TRUE
NA	NA	NA	NA	NA	NA	NA	NA	NA	NA	6.09486957151879	TRUE
NA	NA	NA	NA	NA	NA	NA	NA	NA	NA	5.2195101654068	TRUE
NA	NA	NA	NA	NA	NA	2.19002964484474	138	0	TRUE	NA	NA
NA	NA	NA	NA	NA	NA	NA	NA	NA	NA	4.5417712777623	TRUE
NA	NA	NA	NA	NA	NA	NA	NA	NA	NA	4.5417712777623	TRUE
NA	NA	NA	NA	NA	NA	NA	NA	NA	NA	4.5417712777623	TRUE
NA	NA	NA	NA	NA	NA	NA	NA	NA	NA	4.5417712777623	TRUE
NA	NA	NA	NA	NA	NA	NA	NA	NA	NA	4.5417712777623	TRUE
NA	NA	NA	NA	NA	NA	NA	NA	NA	NA	5.15449673547803	TRUE
NA	NA	NA	NA	NA	NA	NA	NA	NA	NA	4.22234407233513	TRUE
NA	NA	NA	NA	NA	NA	NA	NA	NA	NA	4.27863798709567	TRUE
NA	NA	NA	NA	NA	NA	NA	NA	NA	NA	4.54279187021571	TRUE
NA	NA	NA	NA	NA	NA	NA	NA	NA	NA	4.31538797789703	TRUE
NA	NA	NA	NA	NA	NA	NA	NA	NA	NA	4.31538797789703	TRUE
NA	NA	NA	NA	NA	NA	NA	NA	NA	NA	5.68627227849611	TRUE
NA	NA	NA	NA	NA	NA	2.26502787413125	48	0	TRUE	NA	NA
NA	NA	NA	NA	NA	NA	NA	NA	NA	NA	5.79532338672278	TRUE
NA	NA	NA	NA	NA	NA	NA	NA	NA	NA	3.91200286871031	TRUE
NA	NA	NA	NA	NA	NA	NA	NA	NA	NA	4.83021802304099	TRUE
NA	NA	NA	NA	NA	NA	NA	NA	NA	NA	7.13651341798605	TRUE
NA	NA	NA	NA	NA	NA	NA	NA	NA	NA	4.80251325232401	TRUE
NA	NA	NA	NA	NA	NA	NA	NA	NA	NA	4.5417712777623	TRUE
NA	NA	NA	NA	NA	NA	NA	NA	NA	NA	4.32391429023784	TRUE
NA	NA	NA	NA	NA	NA	NA	NA	NA	NA	5.67626838278047	TRUE
NA	NA	NA	NA	NA	NA	NA	NA	NA	NA	5.00793617296538	TRUE
NA	NA	NA	NA	NA	NA	NA	NA	NA	NA	5.43120042997163	TRUE
NA	NA	NA	NA	NA	NA	NA	NA	NA	NA	4.19143493314505	TRUE
NA	NA	NA	NA	NA	NA	NA	NA	NA	NA	4.92507273084088	TRUE
NA	NA	NA	NA	NA	NA	NA	NA	NA	NA	4.75120268397813	TRUE
NA	NA	NA	NA	NA	NA	NA	NA	NA	NA	5.40687354702487	TRUE
NA	NA	NA	NA	NA	NA	NA	NA	NA	NA	5.2195101654068	TRUE
NA	NA	NA	NA	NA	NA	NA	NA	NA	NA	4.27530268179035	TRUE
NA	NA	NA	NA	NA	NA	NA	NA	NA	NA	5.2195101654068	TRUE
NA	NA	NA	NA	NA	NA	NA	NA	NA	NA	5.2195101654068	TRUE
NA	NA	NA	NA	NA	NA	NA	NA	NA	NA	4.57316781276415	TRUE
NA	NA	NA	NA	NA	NA	NA	NA	NA	NA	5.62244249534017	TRUE
NA	NA	NA	NA	NA	NA	NA	NA	NA	NA	5.62244249534017	TRUE
NA	NA	NA	NA	NA	NA	NA	NA	NA	NA	4.680837020466	TRUE
NA	NA	NA	NA	NA	NA	NA	NA	NA	NA	5.04384337883039	TRUE
NA	NA	NA	NA	NA	NA	NA	NA	NA	NA	6.42730737021252	TRUE
NA	NA	NA	NA	NA	NA	NA	NA	NA	NA	6.42730737021252	TRUE
NA	NA	NA	NA	NA	NA	NA	NA	NA	NA	5.06784809403414	TRUE
NA	NA	NA	NA	NA	NA	NA	NA	NA	NA	5.85455932405565	TRUE
NA	NA	NA	NA	NA	NA	NA	NA	NA	NA	5.3869197788632	TRUE
NA	NA	NA	NA	NA	NA	NA	NA	NA	NA	4.10289832691363	TRUE
NA	NA	NA	NA	NA	NA	NA	NA	NA	NA	3.91200286871031	TRUE
NA	NA	NA	NA	NA	NA	NA	NA	NA	NA	3.91200286871031	TRUE
NA	NA	NA	NA	NA	NA	NA	NA	NA	NA	4.5417712777623	TRUE
NA	NA	NA	NA	NA	NA	2.28485633065707	134	0	TRUE	5.2589484068838	TRUE
NA	NA	NA	NA	NA	NA	2.28485633065707	134	0	TRUE	5.2589484068838	TRUE
NA	NA	NA	NA	NA	NA	NA	NA	NA	NA	5.52852160342619	TRUE
NA	NA	NA	NA	NA	NA	NA	NA	NA	NA	5.96447421886965	TRUE
NA	NA	NA	NA	NA	NA	NA	NA	NA	NA	4.31538797789703	TRUE
NA	NA	NA	NA	NA	NA	2.22002769778237	83	0	TRUE	NA	NA
NA	NA	NA	NA	NA	NA	NA	NA	NA	NA	4.5417712777623	TRUE
NA	NA	NA	NA	NA	NA	NA	NA	NA	NA	4.69569225120251	TRUE
NA	NA	NA	NA	NA	NA	NA	NA	NA	NA	3.96437981881165	TRUE
NA	NA	NA	NA	NA	NA	NA	NA	NA	NA	3.96437981881165	TRUE
NA	NA	NA	NA	NA	NA	NA	NA	NA	NA	3.96437981881165	TRUE
NA	NA	NA	NA	NA	NA	NA	NA	NA	NA	4.9211517852398	TRUE
NA	NA	NA	NA	NA	NA	NA	NA	NA	NA	4.9211517852398	TRUE
NA	NA	NA	NA	NA	NA	2.46194440951118	20	0	TRUE	NA	NA
NA	NA	NA	NA	NA	NA	NA	NA	NA	NA	4.52079161719979	TRUE
NA	NA	NA	NA	NA	NA	NA	NA	NA	NA	4.52079161719979	TRUE
NA	NA	NA	NA	NA	NA	NA	NA	NA	NA	4.68380656881851	TRUE
NA	NA	NA	NA	NA	NA	NA	NA	NA	NA	4.79454293280226	TRUE
NA	NA	NA	NA	NA	NA	2.20929706609415	41	0	TRUE	5.09420273160417	TRUE
NA	NA	NA	NA	NA	NA	NA	NA	NA	NA	5.18612700932985	TRUE
NA	NA	NA	NA	NA	NA	NA	NA	NA	NA	4.83394132065648	TRUE
NA	NA	NA	NA	NA	NA	NA	NA	NA	NA	4.65523902693242	TRUE
NA	NA	NA	NA	NA	NA	NA	NA	NA	NA	4.62280567237611	TRUE
NA	NA	NA	NA	NA	NA	NA	NA	NA	NA	4.86072300707315	TRUE
NA	NA	NA	NA	NA	NA	NA	NA	NA	NA	3.72206081779411	TRUE
NA	NA	NA	NA	NA	NA	NA	NA	NA	NA	5.00793617296538	TRUE
NA	NA	NA	NA	NA	NA	NA	NA	NA	NA	4.52079161719979	TRUE
NA	NA	NA	NA	NA	NA	NA	NA	NA	NA	4.52079161719979	TRUE
NA	NA	NA	NA	NA	NA	NA	NA	NA	NA	4.90956687661181	TRUE
NA	NA	NA	NA	NA	NA	NA	NA	NA	NA	5.25629648871143	TRUE
NA	NA	NA	NA	NA	NA	NA	NA	NA	NA	4.86282090987635	TRUE
NA	NA	NA	NA	NA	NA	NA	NA	NA	NA	4.51007256052284	TRUE
NA	NA	NA	NA	NA	NA	NA	NA	NA	NA	5.2195101654068	TRUE
NA	NA	NA	NA	NA	NA	2.30385650760635	187	0	TRUE	5.25629648871143	TRUE
NA	NA	NA	NA	NA	NA	NA	NA	NA	NA	3.97741237255874	TRUE
NA	NA	NA	NA	NA	NA	NA	NA	NA	NA	4.27530268179035	TRUE
NA	NA	NA	NA	NA	NA	2.09472013099626	13	0	TRUE	NA	NA
NA	NA	NA	NA	NA	NA	2.91613643550902	16	0	TRUE	NA	NA
NA	NA	NA	NA	NA	NA	NA	NA	NA	NA	5.88964202652974	TRUE
NA	NA	NA	NA	NA	NA	NA	NA	NA	NA	4.03614976993422	TRUE
NA	NA	NA	NA	NA	NA	NA	NA	NA	NA	4.15316983699576	TRUE
NA	NA	NA	NA	NA	NA	NA	NA	NA	NA	3.89245749977345	TRUE
NA	NA	NA	NA	NA	NA	NA	NA	NA	NA	5.00793617296538	TRUE
NA	NA	NA	NA	NA	NA	2.21925838550744	49	0	TRUE	NA	NA
NA	NA	NA	NA	NA	NA	2.21925838550744	49	0	TRUE	NA	NA
NA	NA	NA	NA	NA	NA	NA	NA	NA	NA	6.00696610802109	TRUE
NA	NA	NA	NA	NA	NA	NA	NA	NA	NA	4.35163971288894	TRUE
NA	NA	NA	NA	NA	NA	NA	NA	NA	NA	5.09709993185618	TRUE
NA	NA	NA	NA	NA	NA	NA	NA	NA	NA	5.05896656454639	TRUE
NA	NA	NA	NA	NA	NA	NA	NA	NA	NA	6.73867845553757	TRUE
NA	NA	NA	NA	NA	NA	NA	NA	NA	NA	4.59099818413182	TRUE
NA	NA	NA	NA	NA	NA	NA	NA	NA	NA	5.83999138149736	TRUE
NA	NA	NA	NA	NA	NA	NA	NA	NA	NA	5.02169368716304	TRUE
NA	NA	NA	NA	NA	NA	NA	NA	NA	NA	4.29528044698548	TRUE
NA	NA	NA	NA	NA	NA	NA	NA	NA	NA	4.79454293280226	TRUE
NA	NA	NA	NA	NA	NA	NA	NA	NA	NA	4.32391429023784	TRUE
NA	NA	NA	NA	NA	NA	NA	NA	NA	NA	6.4451511045876	TRUE
NA	NA	NA	NA	NA	NA	NA	NA	NA	NA	5.12226853102548	TRUE
NA	NA	NA	NA	NA	NA	NA	NA	NA	NA	5.12226853102548	TRUE
NA	NA	NA	NA	NA	NA	NA	NA	NA	NA	5.12226853102548	TRUE
NA	NA	NA	NA	NA	NA	2.1614754262071	23	0	TRUE	NA	NA
NA	NA	NA	NA	NA	NA	NA	NA	NA	NA	4.54279187021571	TRUE
NA	NA	NA	NA	NA	NA	NA	NA	NA	NA	4.04608159964571	TRUE
NA	NA	NA	NA	NA	NA	NA	NA	NA	NA	5.74690665203747	TRUE
NA	NA	NA	NA	NA	NA	NA	NA	NA	NA	5.74690665203747	TRUE
NA	NA	NA	NA	NA	NA	NA	NA	NA	NA	4.54279187021571	TRUE
NA	NA	NA	NA	NA	NA	NA	NA	NA	NA	5.407564159334	TRUE
NA	NA	NA	NA	NA	NA	NA	NA	NA	NA	5.407564159334	TRUE
NA	NA	NA	NA	NA	NA	NA	NA	NA	NA	5.32224940569153	TRUE
NA	NA	NA	NA	NA	NA	NA	NA	NA	NA	4.11303496618355	TRUE
NA	NA	NA	NA	NA	NA	NA	NA	NA	NA	4.11303496618355	TRUE
NA	NA	NA	NA	NA	NA	NA	NA	NA	NA	4.54279187021571	TRUE
NA	NA	NA	NA	NA	NA	NA	NA	NA	NA	4.37447990136566	TRUE
NA	NA	NA	NA	NA	NA	NA	NA	NA	NA	5.36893675229425	TRUE
NA	NA	NA	NA	NA	NA	NA	NA	NA	NA	5.36893675229425	TRUE
NA	NA	NA	NA	NA	NA	NA	NA	NA	NA	4.24743631400661	TRUE
NA	NA	NA	NA	NA	NA	NA	NA	NA	NA	4.24743631400661	TRUE
NA	NA	NA	NA	NA	NA	NA	NA	NA	NA	4.24743631400661	TRUE
NA	NA	NA	NA	NA	NA	NA	NA	NA	NA	5.18612700932985	TRUE
NA	NA	NA	NA	NA	NA	NA	NA	NA	NA	5.62244249534017	TRUE
NA	NA	NA	NA	NA	NA	NA	NA	NA	NA	5.62244249534017	TRUE
NA	NA	NA	NA	NA	NA	NA	NA	NA	NA	4.54279187021571	TRUE
NA	NA	NA	NA	NA	NA	NA	NA	NA	NA	6.00970190135217	TRUE
NA	NA	NA	NA	NA	NA	NA	NA	NA	NA	6.00970190135217	TRUE
NA	NA	NA	NA	NA	NA	2.22011580790016	6	0	TRUE	NA	NA
NA	NA	NA	NA	NA	NA	NA	NA	NA	NA	4.54279187021571	TRUE
NA	NA	NA	NA	NA	NA	NA	NA	NA	NA	4.54279187021571	TRUE
NA	NA	NA	NA	NA	NA	NA	NA	NA	NA	4.17297142440758	TRUE
NA	NA	NA	NA	NA	NA	NA	NA	NA	NA	4.5816594495744	TRUE
NA	NA	NA	NA	NA	NA	NA	NA	NA	NA	5.49488732993343	TRUE
NA	NA	NA	NA	NA	NA	NA	NA	NA	NA	4.82968256568562	TRUE
NA	NA	NA	NA	NA	NA	NA	NA	NA	NA	4.54279187021571	TRUE
NA	NA	NA	NA	NA	NA	NA	NA	NA	NA	4.5185909248592	TRUE
NA	NA	NA	NA	NA	NA	NA	NA	NA	NA	4.27530268179035	TRUE
NA	NA	NA	NA	NA	NA	NA	NA	NA	NA	4.37025352995342	TRUE
NA	NA	NA	NA	NA	NA	NA	NA	NA	NA	3.91200286871031	TRUE
NA	NA	NA	NA	NA	NA	NA	NA	NA	NA	5.68627227849611	TRUE
NA	NA	NA	NA	NA	NA	NA	NA	NA	NA	4.37447990136566	TRUE
NA	NA	NA	NA	NA	NA	NA	NA	NA	NA	3.62199088313249	TRUE
NA	NA	NA	NA	NA	NA	NA	NA	NA	NA	3.62199088313249	TRUE
NA	NA	NA	NA	NA	NA	NA	NA	NA	NA	4.55622129878115	TRUE
NA	NA	NA	NA	NA	NA	NA	NA	NA	NA	4.35641122559115	TRUE
NA	NA	NA	NA	NA	NA	NA	NA	NA	NA	5.18208091882962	TRUE
NA	NA	NA	NA	NA	NA	NA	NA	NA	NA	5.18208091882962	TRUE
NA	NA	NA	NA	NA	NA	NA	NA	NA	NA	5.18208091882962	TRUE
NA	NA	NA	NA	NA	NA	NA	NA	NA	NA	5.18208091882962	TRUE
NA	NA	NA	NA	NA	NA	NA	NA	NA	NA	5.18208091882962	TRUE
NA	NA	NA	NA	NA	NA	NA	NA	NA	NA	5.18208091882962	TRUE
NA	NA	NA	NA	NA	NA	NA	NA	NA	NA	5.18208091882962	TRUE
NA	NA	NA	NA	NA	NA	NA	NA	NA	NA	5.18208091882962	TRUE
NA	NA	NA	NA	NA	NA	2.19333065529776	111	0	TRUE	NA	NA
NA	NA	NA	NA	NA	NA	2.22660649426807	102	0	TRUE	5.89899694735342	TRUE
NA	NA	NA	NA	NA	NA	NA	NA	NA	NA	4.61856443580446	TRUE
NA	NA	NA	NA	NA	NA	NA	NA	NA	NA	4.8199547270863	TRUE
NA	NA	NA	NA	NA	NA	NA	NA	NA	NA	5.25734983624961	TRUE
NA	NA	NA	NA	NA	NA	NA	NA	NA	NA	4.54279187021571	TRUE
NA	NA	NA	NA	NA	NA	NA	NA	NA	NA	5.25734983624961	TRUE
NA	NA	NA	NA	NA	NA	NA	NA	NA	NA	4.77152855333874	TRUE
NA	NA	NA	NA	NA	NA	NA	NA	NA	NA	5.25734983624961	TRUE
NA	NA	NA	NA	NA	NA	NA	NA	NA	NA	4.91658838376916	TRUE
NA	NA	NA	NA	NA	NA	NA	NA	NA	NA	4.49174843901082	TRUE
NA	NA	NA	NA	NA	NA	NA	NA	NA	NA	5.42058496385168	TRUE
NA	NA	NA	NA	NA	NA	NA	NA	NA	NA	5.42058496385168	TRUE
NA	NA	NA	NA	NA	NA	NA	NA	NA	NA	4.83676120209697	TRUE
NA	NA	NA	NA	NA	NA	NA	NA	NA	NA	4.9211517852398	TRUE
NA	NA	NA	NA	NA	NA	NA	NA	NA	NA	4.9211517852398	TRUE
NA	NA	NA	NA	NA	NA	NA	NA	NA	NA	4.15316983699576	TRUE
NA	NA	NA	NA	NA	NA	NA	NA	NA	NA	4.15316983699576	TRUE
NA	NA	NA	NA	NA	NA	NA	NA	NA	NA	4.49316047445551	TRUE
NA	NA	NA	NA	NA	NA	NA	NA	NA	NA	5.50616485027476	TRUE
NA	NA	NA	NA	NA	NA	NA	NA	NA	NA	4.86072300707315	TRUE
NA	NA	NA	NA	NA	NA	NA	NA	NA	NA	4.86072300707315	TRUE
NA	NA	NA	NA	NA	NA	NA	NA	NA	NA	5.45568749910109	TRUE
NA	NA	NA	NA	NA	NA	NA	NA	NA	NA	4.92507273084088	TRUE
NA	NA	NA	NA	NA	NA	NA	NA	NA	NA	4.32391429023784	TRUE
NA	NA	NA	NA	NA	NA	NA	NA	NA	NA	6.00696610802109	TRUE
NA	NA	NA	NA	NA	NA	NA	NA	NA	NA	4.18442006817457	TRUE
NA	NA	NA	NA	NA	NA	2.46194440951118	20	0	TRUE	NA	NA
NA	NA	NA	NA	NA	NA	2.24050019822838	7	0	TRUE	NA	NA
NA	NA	NA	NA	NA	NA	NA	NA	NA	NA	4.78825062553898	TRUE
NA	NA	NA	NA	NA	NA	NA	NA	NA	NA	4.55622129878115	TRUE
NA	NA	NA	NA	NA	NA	NA	NA	NA	NA	4.73377461736951	TRUE
NA	NA	NA	NA	NA	NA	NA	NA	NA	NA	5.2195101654068	TRUE
NA	NA	NA	NA	NA	NA	NA	NA	NA	NA	4.37358571173307	TRUE
NA	NA	NA	NA	NA	NA	NA	NA	NA	NA	4.37358571173307	TRUE
NA	NA	NA	NA	NA	NA	NA	NA	NA	NA	4.37358571173307	TRUE
NA	NA	NA	NA	NA	NA	NA	NA	NA	NA	4.37358571173307	TRUE
NA	NA	NA	NA	NA	NA	NA	NA	NA	NA	4.83394132065648	TRUE
NA	NA	NA	NA	NA	NA	NA	NA	NA	NA	4.13139947493457	TRUE
NA	NA	NA	NA	NA	NA	NA	NA	NA	NA	4.03614976993422	TRUE
NA	NA	NA	NA	NA	NA	NA	NA	NA	NA	4.88768006663339	TRUE
NA	NA	NA	NA	NA	NA	NA	NA	NA	NA	4.8199547270863	TRUE
NA	NA	NA	NA	NA	NA	NA	NA	NA	NA	4.80074771412742	TRUE
NA	NA	NA	NA	NA	NA	NA	NA	NA	NA	4.79454293280226	TRUE
NA	NA	NA	NA	NA	NA	NA	NA	NA	NA	5.19516222882375	TRUE
NA	NA	NA	NA	NA	NA	NA	NA	NA	NA	4.27530268179035	TRUE
NA	NA	NA	NA	NA	NA	NA	NA	NA	NA	5.38730890273794	TRUE
NA	NA	NA	NA	NA	NA	NA	NA	NA	NA	5.30874528211507	TRUE
NA	NA	NA	NA	NA	NA	NA	NA	NA	NA	5.05896656454639	TRUE
NA	NA	NA	NA	NA	NA	NA	NA	NA	NA	5.88964202652974	TRUE
NA	NA	NA	NA	NA	NA	NA	NA	NA	NA	4.52079161719979	TRUE
NA	NA	NA	NA	NA	NA	NA	NA	NA	NA	4.52079161719979	TRUE
NA	NA	NA	NA	NA	NA	NA	NA	NA	NA	6.30657623962225	TRUE
NA	NA	NA	NA	NA	NA	NA	NA	NA	NA	4.40996851728427	TRUE
NA	NA	NA	NA	NA	NA	NA	NA	NA	NA	4.40996851728427	TRUE
NA	NA	NA	NA	NA	NA	2.27585782525585	22	0	TRUE	NA	NA
NA	NA	NA	NA	NA	NA	NA	NA	NA	NA	3.86250416016614	TRUE
NA	NA	NA	NA	NA	NA	NA	NA	NA	NA	4.54279187021571	TRUE
NA	NA	NA	NA	NA	NA	NA	NA	NA	NA	5.61644354626588	TRUE
NA	NA	NA	NA	NA	NA	NA	NA	NA	NA	5.33917840430236	TRUE
NA	NA	NA	NA	NA	NA	NA	NA	NA	NA	5.06904867733533	TRUE
NA	NA	NA	NA	NA	NA	NA	NA	NA	NA	5.26537856440388	TRUE
NA	NA	NA	NA	NA	NA	NA	NA	NA	NA	4.96205227063482	TRUE
NA	NA	NA	NA	NA	NA	NA	NA	NA	NA	4.96205227063482	TRUE
NA	NA	NA	NA	NA	NA	NA	NA	NA	NA	4.31538797789703	TRUE
NA	NA	NA	NA	NA	NA	NA	NA	NA	NA	5.79583459532246	TRUE
NA	NA	NA	NA	NA	NA	2.76484941746222	119	0	TRUE	6.3057830408096	TRUE
NA	NA	NA	NA	NA	NA	NA	NA	NA	NA	6.00696610802109	TRUE
NA	NA	NA	NA	NA	NA	NA	NA	NA	NA	4.91681462662827	TRUE
NA	NA	NA	NA	NA	NA	NA	NA	NA	NA	4.54279187021571	TRUE
NA	NA	NA	NA	NA	NA	NA	NA	NA	NA	4.83676120209697	TRUE
NA	NA	NA	NA	NA	NA	NA	NA	NA	NA	4.60489419710685	TRUE
NA	NA	NA	NA	NA	NA	NA	NA	NA	NA	6.00696610802109	TRUE
NA	NA	NA	NA	NA	NA	NA	NA	NA	NA	6.00696610802109	TRUE
NA	NA	NA	NA	NA	NA	NA	NA	NA	NA	4.57316781276415	TRUE
NA	NA	NA	NA	NA	NA	NA	NA	NA	NA	4.8837336296898	TRUE
NA	NA	NA	NA	NA	NA	NA	NA	NA	NA	4.59439821170128	TRUE
NA	NA	NA	NA	NA	NA	NA	NA	NA	NA	4.57316781276415	TRUE
NA	NA	NA	NA	NA	NA	NA	NA	NA	NA	4.32049694805739	TRUE
NA	NA	NA	NA	NA	NA	NA	NA	NA	NA	4.32049694805739	TRUE
NA	NA	NA	NA	NA	NA	NA	NA	NA	NA	4.54279187021571	TRUE
NA	NA	NA	NA	NA	NA	NA	NA	NA	NA	4.48069945607586	TRUE
NA	NA	NA	NA	NA	NA	NA	NA	NA	NA	6.99307076537663	TRUE
NA	NA	NA	NA	NA	NA	2.33287454067207	52	0	TRUE	NA	NA
NA	NA	NA	NA	NA	NA	NA	NA	NA	NA	5.2195101654068	TRUE
NA	NA	NA	NA	NA	NA	2.46194440951118	20	0	TRUE	NA	NA
NA	NA	NA	NA	NA	NA	NA	NA	NA	NA	4.31538797789703	TRUE
NA	NA	NA	NA	NA	NA	NA	NA	NA	NA	6.00970190135217	TRUE
NA	NA	NA	NA	NA	NA	NA	NA	NA	NA	4.8199547270863	TRUE
NA	NA	NA	NA	NA	NA	NA	NA	NA	NA	4.8199547270863	TRUE
NA	NA	NA	NA	NA	NA	NA	NA	NA	NA	4.52079161719979	TRUE
NA	NA	NA	NA	NA	NA	NA	NA	NA	NA	4.52079161719979	TRUE
NA	NA	NA	NA	NA	NA	NA	NA	NA	NA	4.61531647003653	TRUE
NA	NA	NA	NA	NA	NA	NA	NA	NA	NA	4.44764203437031	TRUE
NA	NA	NA	NA	NA	NA	NA	NA	NA	NA	4.72329299899515	TRUE
NA	NA	NA	NA	NA	NA	NA	NA	NA	NA	6.00696610802109	TRUE
NA	NA	NA	NA	NA	NA	NA	NA	NA	NA	4.83676120209697	TRUE
NA	NA	NA	NA	NA	NA	NA	NA	NA	NA	5.83520029062563	TRUE
NA	NA	NA	NA	NA	NA	NA	NA	NA	NA	5.2195101654068	TRUE
NA	NA	NA	NA	NA	NA	NA	NA	NA	NA	5.58699461159227	TRUE
NA	NA	NA	NA	NA	NA	NA	NA	NA	NA	3.72206081779411	TRUE
NA	NA	NA	NA	NA	NA	NA	NA	NA	NA	5.05896656454639	TRUE
NA	NA	NA	NA	NA	NA	1.90446370920775	2	0	TRUE	NA	NA
NA	NA	NA	NA	NA	NA	NA	NA	NA	NA	3.91200286871031	TRUE
NA	NA	NA	NA	NA	NA	NA	NA	NA	NA	4.14334052433592	TRUE
NA	NA	NA	NA	NA	NA	NA	NA	NA	NA	4.40497770828231	TRUE
NA	NA	NA	NA	NA	NA	NA	NA	NA	NA	5.40687354702487	TRUE
NA	NA	NA	NA	NA	NA	NA	NA	NA	NA	5.02169368716304	TRUE
NA	NA	NA	NA	NA	NA	NA	NA	NA	NA	5.60452594879482	TRUE
NA	NA	NA	NA	NA	NA	NA	NA	NA	NA	5.21539948682831	TRUE
NA	NA	NA	NA	NA	NA	NA	NA	NA	NA	6.99307076537663	TRUE
NA	NA	NA	NA	NA	NA	NA	NA	NA	NA	3.96437981881165	TRUE
NA	NA	NA	NA	NA	NA	NA	NA	NA	NA	6.99307076537663	TRUE
NA	NA	NA	NA	NA	NA	NA	NA	NA	NA	5.18208091882962	TRUE
NA	NA	NA	NA	NA	NA	NA	NA	NA	NA	5.18208091882962	TRUE
NA	NA	NA	NA	NA	NA	NA	NA	NA	NA	5.18208091882962	TRUE
NA	NA	NA	NA	NA	NA	NA	NA	NA	NA	5.18208091882962	TRUE
NA	NA	NA	NA	NA	NA	NA	NA	NA	NA	5.18208091882962	TRUE
NA	NA	NA	NA	NA	NA	NA	NA	NA	NA	5.18208091882962	TRUE
NA	NA	NA	NA	NA	NA	NA	NA	NA	NA	5.18208091882962	TRUE
NA	NA	NA	NA	NA	NA	NA	NA	NA	NA	5.18208091882962	TRUE
NA	NA	NA	NA	NA	NA	NA	NA	NA	NA	5.18208091882962	TRUE
NA	NA	NA	NA	NA	NA	NA	NA	NA	NA	5.18208091882962	TRUE
NA	NA	NA	NA	NA	NA	NA	NA	NA	NA	5.18208091882962	TRUE
NA	NA	NA	NA	NA	NA	NA	NA	NA	NA	5.18208091882962	TRUE
NA	NA	NA	NA	NA	NA	NA	NA	NA	NA	5.18208091882962	TRUE
NA	NA	NA	NA	NA	NA	NA	NA	NA	NA	5.18208091882962	TRUE
NA	NA	NA	NA	NA	NA	NA	NA	NA	NA	4.23882310916198	TRUE
NA	NA	NA	NA	NA	NA	NA	NA	NA	NA	4.82968256568562	TRUE
NA	NA	NA	NA	NA	NA	NA	NA	NA	NA	4.31538797789703	TRUE
NA	NA	NA	NA	NA	NA	NA	NA	NA	NA	6.01762421855328	TRUE
NA	NA	NA	NA	NA	NA	NA	NA	NA	NA	5.18612700932985	TRUE
NA	NA	NA	NA	NA	NA	NA	NA	NA	NA	5.18612700932985	TRUE
NA	NA	NA	NA	NA	NA	NA	NA	NA	NA	5.18612700932985	TRUE
NA	NA	NA	NA	NA	NA	NA	NA	NA	NA	5.407564159334	TRUE
NA	NA	NA	NA	NA	NA	NA	NA	NA	NA	4.86072300707315	TRUE
NA	NA	NA	NA	NA	NA	NA	NA	NA	NA	5.05896656454639	TRUE
NA	NA	NA	NA	NA	NA	NA	NA	NA	NA	4.10104994508463	TRUE
NA	NA	NA	NA	NA	NA	NA	NA	NA	NA	4.54279187021571	TRUE
NA	NA	NA	NA	NA	NA	NA	NA	NA	NA	4.54279187021571	TRUE
NA	NA	NA	NA	NA	NA	NA	NA	NA	NA	4.54279187021571	TRUE
NA	NA	NA	NA	NA	NA	NA	NA	NA	NA	3.79443015703024	TRUE
NA	NA	NA	NA	NA	NA	NA	NA	NA	NA	3.91200286871031	TRUE
NA	NA	NA	NA	NA	NA	NA	NA	NA	NA	3.91200286871031	TRUE
NA	NA	NA	NA	NA	NA	NA	NA	NA	NA	4.31538797789703	TRUE
NA	NA	NA	NA	NA	NA	NA	NA	NA	NA	4.36581707536113	TRUE
NA	NA	NA	NA	NA	NA	NA	NA	NA	NA	4.44873224792829	TRUE
NA	NA	NA	NA	NA	NA	2.10945435366583	122	0	TRUE	4.31278578090727	TRUE
NA	NA	NA	NA	NA	NA	2.14389726816661	139	0	TRUE	NA	NA
NA	NA	NA	NA	NA	NA	NA	NA	NA	NA	4.62280567237611	TRUE
NA	NA	NA	NA	NA	NA	NA	NA	NA	NA	5.43566277618624	TRUE
NA	NA	NA	NA	NA	NA	NA	NA	NA	NA	5.99186345874038	TRUE
NA	NA	NA	NA	NA	NA	NA	NA	NA	NA	5.99186345874038	TRUE
NA	NA	NA	NA	NA	NA	NA	NA	NA	NA	5.11039501403785	TRUE
NA	NA	NA	NA	NA	NA	NA	NA	NA	NA	5.00793617296538	TRUE
NA	NA	NA	NA	NA	NA	NA	NA	NA	NA	5.38777853768305	TRUE
NA	NA	NA	NA	NA	NA	NA	NA	NA	NA	4.42289594886127	TRUE
NA	NA	NA	NA	NA	NA	NA	NA	NA	NA	4.8053555204478	TRUE
NA	NA	NA	NA	NA	NA	NA	NA	NA	NA	6.00970190135217	TRUE
NA	NA	NA	NA	NA	NA	NA	NA	NA	NA	4.50077173350862	TRUE
NA	NA	NA	NA	NA	NA	NA	NA	NA	NA	4.43313139960298	TRUE
NA	NA	NA	NA	NA	NA	NA	NA	NA	NA	5.02169368716304	TRUE
NA	NA	NA	NA	NA	NA	NA	NA	NA	NA	4.37447990136566	TRUE
NA	NA	NA	NA	NA	NA	NA	NA	NA	NA	4.5778830336119	TRUE
NA	NA	NA	NA	NA	NA	NA	NA	NA	NA	4.5778830336119	TRUE
NA	NA	NA	NA	NA	NA	NA	NA	NA	NA	6.73867845553757	TRUE
NA	NA	NA	NA	NA	NA	NA	NA	NA	NA	4.59439821170128	TRUE
NA	NA	NA	NA	NA	NA	NA	NA	NA	NA	4.55622129878115	TRUE
NA	NA	NA	NA	NA	NA	NA	NA	NA	NA	5.18612700932985	TRUE
NA	NA	NA	NA	NA	NA	NA	NA	NA	NA	6.73867845553757	TRUE
NA	NA	NA	NA	NA	NA	NA	NA	NA	NA	5.62244249534017	TRUE
NA	NA	NA	NA	NA	NA	NA	NA	NA	NA	5.62244249534017	TRUE
NA	NA	NA	NA	NA	NA	NA	NA	NA	NA	5.59679320981971	TRUE
NA	NA	NA	NA	NA	NA	NA	NA	NA	NA	5.06904867733533	TRUE
NA	NA	NA	NA	NA	NA	NA	NA	NA	NA	4.97403955259934	TRUE
NA	NA	NA	NA	NA	NA	NA	NA	NA	NA	4.82968256568562	TRUE
NA	NA	NA	NA	NA	NA	NA	NA	NA	NA	4.36587547926121	TRUE
NA	NA	NA	NA	NA	NA	NA	NA	NA	NA	4.36587547926121	TRUE
NA	NA	NA	NA	NA	NA	NA	NA	NA	NA	4.28771258040993	TRUE
NA	NA	NA	NA	NA	NA	NA	NA	NA	NA	4.28771258040993	TRUE
NA	NA	NA	NA	NA	NA	NA	NA	NA	NA	5.2195101654068	TRUE
NA	NA	NA	NA	NA	NA	NA	NA	NA	NA	5.18612700932985	TRUE
NA	NA	NA	NA	NA	NA	NA	NA	NA	NA	5.95829024502404	TRUE
NA	NA	NA	NA	NA	NA	NA	NA	NA	NA	5.3869197788632	TRUE
NA	NA	NA	NA	NA	NA	2.41375158476255	12	0	TRUE	NA	NA
NA	NA	NA	NA	NA	NA	NA	NA	NA	NA	4.8199547270863	TRUE
NA	NA	NA	NA	NA	NA	NA	NA	NA	NA	3.70445116178059	TRUE
NA	NA	NA	NA	NA	NA	NA	NA	NA	NA	4.14334052433592	TRUE
NA	NA	NA	NA	NA	NA	NA	NA	NA	NA	3.96437981881165	TRUE
NA	NA	NA	NA	NA	NA	NA	NA	NA	NA	4.9718837610005	TRUE
NA	NA	NA	NA	NA	NA	NA	NA	NA	NA	5.42058496385168	TRUE
NA	NA	NA	NA	NA	NA	NA	NA	NA	NA	5.42058496385168	TRUE
NA	NA	NA	NA	NA	NA	NA	NA	NA	NA	5.06904867733533	TRUE
NA	NA	NA	NA	NA	NA	NA	NA	NA	NA	6.24019164735757	TRUE
NA	NA	NA	NA	NA	NA	NA	NA	NA	NA	4.86072300707315	TRUE
NA	NA	NA	NA	NA	NA	NA	NA	NA	NA	4.0869853855552	TRUE
NA	NA	NA	NA	NA	NA	NA	NA	NA	NA	5.04384337883039	TRUE
NA	NA	NA	NA	NA	NA	NA	NA	NA	NA	5.04384337883039	TRUE
NA	NA	NA	NA	NA	NA	NA	NA	NA	NA	4.86072300707315	TRUE
NA	NA	NA	NA	NA	NA	NA	NA	NA	NA	4.68960908397362	TRUE
NA	NA	NA	NA	NA	NA	NA	NA	NA	NA	4.63572172404364	TRUE
NA	NA	NA	NA	NA	NA	NA	NA	NA	NA	6.00712399590868	TRUE
NA	NA	NA	NA	NA	NA	NA	NA	NA	NA	6.00712399590868	TRUE
NA	NA	NA	NA	NA	NA	NA	NA	NA	NA	6.00712399590868	TRUE
NA	NA	NA	NA	NA	NA	NA	NA	NA	NA	6.00712399590868	TRUE
NA	NA	NA	NA	NA	NA	NA	NA	NA	NA	3.79443015703024	TRUE
NA	NA	NA	NA	NA	NA	NA	NA	NA	NA	5.00793617296538	TRUE
NA	NA	NA	NA	NA	NA	NA	NA	NA	NA	4.10104994508463	TRUE
NA	NA	NA	NA	NA	NA	NA	NA	NA	NA	5.13186173035433	TRUE
NA	NA	NA	NA	NA	NA	NA	NA	NA	NA	5.00793617296538	TRUE
NA	NA	NA	NA	NA	NA	2.19002964484474	138	0	TRUE	NA	NA
NA	NA	NA	NA	NA	NA	NA	NA	NA	NA	5.45324265320089	TRUE
NA	NA	NA	NA	NA	NA	NA	NA	NA	NA	5.68627227849611	TRUE
NA	NA	NA	NA	NA	NA	NA	NA	NA	NA	4.48069945607586	TRUE
NA	NA	NA	NA	NA	NA	NA	NA	NA	NA	5.45324265320089	TRUE
NA	NA	NA	NA	NA	NA	NA	NA	NA	NA	4.8837336296898	TRUE
NA	NA	NA	NA	NA	NA	NA	NA	NA	NA	4.97375922393028	TRUE
NA	NA	NA	NA	NA	NA	NA	NA	NA	NA	5.49488732993343	TRUE
NA	NA	NA	NA	NA	NA	NA	NA	NA	NA	4.91188720931337	TRUE
NA	NA	NA	NA	NA	NA	NA	NA	NA	NA	4.8837336296898	TRUE
NA	NA	NA	NA	NA	NA	NA	NA	NA	NA	4.63572172404364	TRUE
NA	NA	NA	NA	NA	NA	NA	NA	NA	NA	3.95571792216653	TRUE
NA	NA	NA	NA	NA	NA	NA	NA	NA	NA	4.68380656881851	TRUE
NA	NA	NA	NA	NA	NA	NA	NA	NA	NA	6.52381264170962	TRUE
NA	NA	NA	NA	NA	NA	NA	NA	NA	NA	5.00793617296538	TRUE
NA	NA	NA	NA	NA	NA	2.3743149298643	11	0	TRUE	NA	NA
NA	NA	NA	NA	NA	NA	NA	NA	NA	NA	4.8199547270863	TRUE
NA	NA	NA	NA	NA	NA	2.33287454067207	52	0	TRUE	NA	NA
NA	NA	NA	NA	NA	NA	NA	NA	NA	NA	4.68380656881851	TRUE
NA	NA	NA	NA	NA	NA	NA	NA	NA	NA	5.39896080882097	TRUE
NA	NA	NA	NA	NA	NA	NA	NA	NA	NA	5.2195101654068	TRUE
NA	NA	NA	NA	NA	NA	NA	NA	NA	NA	4.72329299899515	TRUE
NA	NA	NA	NA	NA	NA	NA	NA	NA	NA	4.8199547270863	TRUE
NA	NA	NA	NA	NA	NA	NA	NA	NA	NA	4.8199547270863	TRUE
NA	NA	NA	NA	NA	NA	NA	NA	NA	NA	7.01183807074807	TRUE
NA	NA	NA	NA	NA	NA	NA	NA	NA	NA	4.48839395340047	TRUE
NA	NA	NA	NA	NA	NA	NA	NA	NA	NA	5.95829024502404	TRUE
NA	NA	NA	NA	NA	NA	NA	NA	NA	NA	6.42730737021252	TRUE
NA	NA	NA	NA	NA	NA	NA	NA	NA	NA	6.42730737021252	TRUE
NA	NA	NA	NA	NA	NA	NA	NA	NA	NA	6.00696610802109	TRUE
NA	NA	NA	NA	NA	NA	NA	NA	NA	NA	3.89245749977345	TRUE
NA	NA	NA	NA	NA	NA	NA	NA	NA	NA	5.4088937183783	TRUE
NA	NA	NA	NA	NA	NA	NA	NA	NA	NA	5.00141086981654	TRUE
NA	NA	NA	NA	NA	NA	NA	NA	NA	NA	5.3869197788632	TRUE
NA	NA	NA	NA	NA	NA	NA	NA	NA	NA	4.26615886962436	TRUE
NA	NA	NA	NA	NA	NA	NA	NA	NA	NA	4.26615886962436	TRUE
NA	NA	NA	NA	NA	NA	NA	NA	NA	NA	5.29412654136378	TRUE
NA	NA	NA	NA	NA	NA	NA	NA	NA	NA	6.00970190135217	TRUE
NA	NA	NA	NA	NA	NA	NA	NA	NA	NA	4.89364082128669	TRUE
NA	NA	NA	NA	NA	NA	NA	NA	NA	NA	4.89364082128669	TRUE
NA	NA	NA	NA	NA	NA	2.56220101936446	39	0	TRUE	5.32224940569153	TRUE
NA	NA	NA	NA	NA	NA	NA	NA	NA	NA	5.00793617296538	TRUE
NA	NA	NA	NA	NA	NA	NA	NA	NA	NA	4.40996851728427	TRUE
NA	NA	NA	NA	NA	NA	NA	NA	NA	NA	4.40996851728427	TRUE
NA	NA	NA	NA	NA	NA	NA	NA	NA	NA	5.2589484068838	TRUE
NA	NA	NA	NA	NA	NA	NA	NA	NA	NA	5.2589484068838	TRUE
NA	NA	NA	NA	NA	NA	2.28485633065707	134	0	TRUE	5.2589484068838	TRUE
NA	NA	NA	NA	NA	NA	2.28485633065707	134	0	TRUE	5.2589484068838	TRUE
NA	NA	NA	NA	NA	NA	2.28485633065707	134	0	TRUE	5.2589484068838	TRUE
NA	NA	NA	NA	NA	NA	2.28485633065707	134	0	TRUE	5.2589484068838	TRUE
NA	NA	NA	NA	NA	NA	2.28485633065707	134	0	TRUE	5.2589484068838	TRUE
NA	NA	NA	NA	NA	NA	2.28485633065707	134	0	TRUE	5.2589484068838	TRUE
NA	NA	NA	NA	NA	NA	2.28485633065707	134	0	TRUE	5.2589484068838	TRUE
NA	NA	NA	NA	NA	NA	2.28485633065707	134	0	TRUE	5.2589484068838	TRUE
NA	NA	NA	NA	NA	NA	2.28485633065707	134	0	TRUE	5.2589484068838	TRUE
NA	NA	NA	NA	NA	NA	2.28485633065707	134	0	TRUE	5.2589484068838	TRUE
NA	NA	NA	NA	NA	NA	NA	NA	NA	NA	5.59679320981971	TRUE
NA	NA	NA	NA	NA	NA	NA	NA	NA	NA	5.06904867733533	TRUE
NA	NA	NA	NA	NA	NA	NA	NA	NA	NA	5.06904867733533	TRUE
NA	NA	NA	NA	NA	NA	NA	NA	NA	NA	4.32049694805739	TRUE
NA	NA	NA	NA	NA	NA	NA	NA	NA	NA	4.32049694805739	TRUE
NA	NA	NA	NA	NA	NA	NA	NA	NA	NA	5.26537856440388	TRUE
NA	NA	NA	NA	NA	NA	NA	NA	NA	NA	4.27896567972409	TRUE
NA	NA	NA	NA	NA	NA	2.92621348195605	16	0	TRUE	NA	NA
NA	NA	NA	NA	NA	NA	NA	NA	NA	NA	4.94006941515367	TRUE
NA	NA	NA	NA	NA	NA	NA	NA	NA	NA	6.73867845553757	TRUE
NA	NA	NA	NA	NA	NA	NA	NA	NA	NA	5.30874528211507	TRUE
NA	NA	NA	NA	NA	NA	NA	NA	NA	NA	4.64727585126419	TRUE
NA	NA	NA	NA	NA	NA	NA	NA	NA	NA	4.75120268397813	TRUE
NA	NA	NA	NA	NA	NA	NA	NA	NA	NA	5.398114781187	TRUE
NA	NA	NA	NA	NA	NA	NA	NA	NA	NA	4.71491384614284	TRUE
NA	NA	NA	NA	NA	NA	NA	NA	NA	NA	5.17651418612702	TRUE
NA	NA	NA	NA	NA	NA	NA	NA	NA	NA	4.43313139960298	TRUE
NA	NA	NA	NA	NA	NA	NA	NA	NA	NA	6.34748643707298	TRUE
NA	NA	NA	NA	NA	NA	NA	NA	NA	NA	4.83394132065648	TRUE
NA	NA	NA	NA	NA	NA	NA	NA	NA	NA	5.25216997062842	TRUE
NA	NA	NA	NA	NA	NA	NA	NA	NA	NA	6.62075837208174	TRUE
NA	NA	NA	NA	NA	NA	NA	NA	NA	NA	4.8053555204478	TRUE
NA	NA	NA	NA	NA	NA	NA	NA	NA	NA	4.86072300707315	TRUE
NA	NA	NA	NA	NA	NA	NA	NA	NA	NA	5.05896656454639	TRUE
NA	NA	NA	NA	NA	NA	NA	NA	NA	NA	4.5417712777623	TRUE
NA	NA	NA	NA	NA	NA	2.21925838550744	49	0	TRUE	NA	NA
NA	NA	NA	NA	NA	NA	NA	NA	NA	NA	6.00696610802109	TRUE
NA	NA	NA	NA	NA	NA	NA	NA	NA	NA	4.72329299899515	TRUE
NA	NA	NA	NA	NA	NA	NA	NA	NA	NA	3.70445116178059	TRUE
NA	NA	NA	NA	NA	NA	NA	NA	NA	NA	3.95571792216653	TRUE
NA	NA	NA	NA	NA	NA	NA	NA	NA	NA	4.86805997274231	TRUE
NA	NA	NA	NA	NA	NA	NA	NA	NA	NA	4.86805997274231	TRUE
NA	NA	NA	NA	NA	NA	NA	NA	NA	NA	4.60353439437704	TRUE
NA	NA	NA	NA	NA	NA	NA	NA	NA	NA	4.88600965559949	TRUE
NA	NA	NA	NA	NA	NA	2.76484941746222	119	0	TRUE	6.3057830408096	TRUE
NA	NA	NA	NA	NA	NA	2.19002964484474	138	0	TRUE	NA	NA
NA	NA	NA	NA	NA	NA	NA	NA	NA	NA	5.43275306658123	TRUE
NA	NA	NA	NA	NA	NA	NA	NA	NA	NA	4.06384233694512	TRUE
NA	NA	NA	NA	NA	NA	NA	NA	NA	NA	4.60353439437704	TRUE
NA	NA	NA	NA	NA	NA	NA	NA	NA	NA	4.19143493314505	TRUE
NA	NA	NA	NA	NA	NA	NA	NA	NA	NA	4.54279187021571	TRUE
NA	NA	NA	NA	NA	NA	2.20355771226997	57	0	TRUE	NA	NA
NA	NA	NA	NA	NA	NA	NA	NA	NA	NA	4.10104994508463	TRUE
NA	NA	NA	NA	NA	NA	NA	NA	NA	NA	4.97375922393028	TRUE
NA	NA	NA	NA	NA	NA	NA	NA	NA	NA	6.00696610802109	TRUE
NA	NA	NA	NA	NA	NA	NA	NA	NA	NA	6.00696610802109	TRUE
NA	NA	NA	NA	NA	NA	NA	NA	NA	NA	6.00970190135217	TRUE
NA	NA	NA	NA	NA	NA	NA	NA	NA	NA	6.00970190135217	TRUE
NA	NA	NA	NA	NA	NA	NA	NA	NA	NA	5.2195101654068	TRUE
NA	NA	NA	NA	NA	NA	NA	NA	NA	NA	4.59439821170128	TRUE
NA	NA	NA	NA	NA	NA	NA	NA	NA	NA	5.68627227849611	TRUE
NA	NA	NA	NA	NA	NA	NA	NA	NA	NA	6.99307076537663	TRUE
NA	NA	NA	NA	NA	NA	NA	NA	NA	NA	5.45505549666546	TRUE
NA	NA	NA	NA	NA	NA	2.18023869990641	22	0	TRUE	NA	NA
NA	NA	NA	NA	NA	NA	NA	NA	NA	NA	5.21592245126282	TRUE
NA	NA	NA	NA	NA	NA	NA	NA	NA	NA	5.45505549666546	TRUE
NA	NA	NA	NA	NA	NA	NA	NA	NA	NA	4.63108820757452	TRUE
NA	NA	NA	NA	NA	NA	NA	NA	NA	NA	4.96059580967056	TRUE
NA	NA	NA	NA	NA	NA	NA	NA	NA	NA	4.86282090987635	TRUE
NA	NA	NA	NA	NA	NA	NA	NA	NA	NA	4.86282090987635	TRUE
NA	NA	NA	NA	NA	NA	NA	NA	NA	NA	4.86282090987635	TRUE
NA	NA	NA	NA	NA	NA	NA	NA	NA	NA	5.9175981418508	TRUE
NA	NA	NA	NA	NA	NA	NA	NA	NA	NA	6.19804362309608	TRUE
NA	NA	NA	NA	NA	NA	NA	NA	NA	NA	4.8837336296898	TRUE
NA	NA	NA	NA	NA	NA	NA	NA	NA	NA	4.55622129878115	TRUE
NA	NA	NA	NA	NA	NA	1.97191830984294	19	0	TRUE	NA	NA
NA	NA	NA	NA	NA	NA	NA	NA	NA	NA	4.55622129878115	TRUE
NA	NA	NA	NA	NA	NA	NA	NA	NA	NA	5.2195101654068	TRUE
NA	NA	NA	NA	NA	NA	NA	NA	NA	NA	3.91200286871031	TRUE
NA	NA	NA	NA	NA	NA	NA	NA	NA	NA	4.27530268179035	TRUE
NA	NA	NA	NA	NA	NA	NA	NA	NA	NA	6.99307076537663	TRUE
NA	NA	NA	NA	NA	NA	2.28283820630294	26	0	TRUE	NA	NA
NA	NA	NA	NA	NA	NA	NA	NA	NA	NA	5.18208091882962	TRUE
NA	NA	NA	NA	NA	NA	NA	NA	NA	NA	5.18208091882962	TRUE
NA	NA	NA	NA	NA	NA	NA	NA	NA	NA	4.81562274710499	TRUE
NA	NA	NA	NA	NA	NA	NA	NA	NA	NA	4.9718837610005	TRUE
NA	NA	NA	NA	NA	NA	NA	NA	NA	NA	4.9718837610005	TRUE
NA	NA	NA	NA	NA	NA	2.21925838550744	49	0	TRUE	NA	NA
NA	NA	NA	NA	NA	NA	2.21925838550744	49	0	TRUE	NA	NA
NA	NA	NA	NA	NA	NA	NA	NA	NA	NA	4.28771258040993	TRUE
NA	NA	NA	NA	NA	NA	NA	NA	NA	NA	5.05896656454639	TRUE
NA	NA	NA	NA	NA	NA	NA	NA	NA	NA	5.15495626117191	TRUE
NA	NA	NA	NA	NA	NA	NA	NA	NA	NA	4.40996851728427	TRUE
NA	NA	NA	NA	NA	NA	NA	NA	NA	NA	4.40996851728427	TRUE
NA	NA	NA	NA	NA	NA	NA	NA	NA	NA	5.75902411878829	TRUE
NA	NA	NA	NA	NA	NA	NA	NA	NA	NA	4.8199547270863	TRUE
NA	NA	NA	NA	NA	NA	NA	NA	NA	NA	5.22928919704315	TRUE
NA	NA	NA	NA	NA	NA	NA	NA	NA	NA	5.22928919704315	TRUE
NA	NA	NA	NA	NA	NA	NA	NA	NA	NA	5.99186345874038	TRUE
NA	NA	NA	NA	NA	NA	NA	NA	NA	NA	5.9681612961886	TRUE
NA	NA	NA	NA	NA	NA	NA	NA	NA	NA	5.04384337883039	TRUE
NA	NA	NA	NA	NA	NA	NA	NA	NA	NA	4.26615886962436	TRUE
NA	NA	NA	NA	NA	NA	NA	NA	NA	NA	4.26615886962436	TRUE
NA	NA	NA	NA	NA	NA	NA	NA	NA	NA	3.89245749977345	TRUE
NA	NA	NA	NA	NA	NA	NA	NA	NA	NA	4.95171967509874	TRUE
NA	NA	NA	NA	NA	NA	NA	NA	NA	NA	4.59867835099873	TRUE
NA	NA	NA	NA	NA	NA	NA	NA	NA	NA	4.87828908226015	TRUE
NA	NA	NA	NA	NA	NA	2.18290383888309	5	0	TRUE	NA	NA
NA	NA	NA	NA	NA	NA	NA	NA	NA	NA	5.68627227849611	TRUE
NA	NA	NA	NA	NA	NA	NA	NA	NA	NA	5.68627227849611	TRUE
NA	NA	NA	NA	NA	NA	NA	NA	NA	NA	6.42730737021252	TRUE
NA	NA	NA	NA	NA	NA	NA	NA	NA	NA	6.42730737021252	TRUE
NA	NA	NA	NA	NA	NA	NA	NA	NA	NA	4.14334052433592	TRUE
NA	NA	NA	NA	NA	NA	NA	NA	NA	NA	5.00793617296538	TRUE
NA	NA	NA	NA	NA	NA	NA	NA	NA	NA	4.59439821170128	TRUE
NA	NA	NA	NA	NA	NA	NA	NA	NA	NA	5.68627227849611	TRUE
NA	NA	NA	NA	NA	NA	NA	NA	NA	NA	4.49174843901082	TRUE
NA	NA	NA	NA	NA	NA	NA	NA	NA	NA	4.86072300707315	TRUE
NA	NA	NA	NA	NA	NA	NA	NA	NA	NA	4.54279187021571	TRUE
NA	NA	NA	NA	NA	NA	NA	NA	NA	NA	4.5816594495744	TRUE
NA	NA	NA	NA	NA	NA	2.13849033798285	85	0	TRUE	6.41920808807645	TRUE
NA	NA	NA	NA	NA	NA	NA	NA	NA	NA	6.70945210452453	TRUE
NA	NA	NA	NA	NA	NA	NA	NA	NA	NA	6.04306234193218	TRUE
NA	NA	NA	NA	NA	NA	NA	NA	NA	NA	4.73117177227151	TRUE
NA	NA	NA	NA	NA	NA	NA	NA	NA	NA	5.45505549666546	TRUE
NA	NA	NA	NA	NA	NA	NA	NA	NA	NA	3.91200286871031	TRUE
NA	NA	NA	NA	NA	NA	NA	NA	NA	NA	3.91200286871031	TRUE
NA	NA	NA	NA	NA	NA	NA	NA	NA	NA	3.91200286871031	TRUE
NA	NA	NA	NA	NA	NA	NA	NA	NA	NA	4.15715992706559	TRUE
NA	NA	NA	NA	NA	NA	NA	NA	NA	NA	6.34038268071742	TRUE
NA	NA	NA	NA	NA	NA	NA	NA	NA	NA	4.15316983699576	TRUE
NA	NA	NA	NA	NA	NA	NA	NA	NA	NA	5.81731568490839	TRUE
NA	NA	NA	NA	NA	NA	NA	NA	NA	NA	3.91200286871031	TRUE
NA	NA	NA	NA	NA	NA	NA	NA	NA	NA	3.91200286871031	TRUE
NA	NA	NA	NA	NA	NA	NA	NA	NA	NA	3.62199088313249	TRUE
NA	NA	NA	NA	NA	NA	NA	NA	NA	NA	4.35641122559115	TRUE
NA	NA	NA	NA	NA	NA	NA	NA	NA	NA	3.70445116178059	TRUE
NA	NA	NA	NA	NA	NA	NA	NA	NA	NA	5.62244249534017	TRUE
NA	NA	NA	NA	NA	NA	NA	NA	NA	NA	5.62244249534017	TRUE
NA	NA	NA	NA	NA	NA	NA	NA	NA	NA	5.58699461159227	TRUE
NA	NA	NA	NA	NA	NA	NA	NA	NA	NA	5.58699461159227	TRUE
NA	NA	NA	NA	NA	NA	NA	NA	NA	NA	5.99186345874038	TRUE
NA	NA	NA	NA	NA	NA	NA	NA	NA	NA	4.08796562041817	TRUE
NA	NA	NA	NA	NA	NA	NA	NA	NA	NA	5.2195101654068	TRUE
NA	NA	NA	NA	NA	NA	NA	NA	NA	NA	4.28771258040993	TRUE
NA	NA	NA	NA	NA	NA	NA	NA	NA	NA	4.44764203437031	TRUE
NA	NA	NA	NA	NA	NA	NA	NA	NA	NA	5.18612700932985	TRUE
NA	NA	NA	NA	NA	NA	NA	NA	NA	NA	5.05896656454639	TRUE
NA	NA	NA	NA	NA	NA	NA	NA	NA	NA	5.05896656454639	TRUE
NA	NA	NA	NA	NA	NA	NA	NA	NA	NA	5.18612700932985	TRUE
NA	NA	NA	NA	NA	NA	NA	NA	NA	NA	5.18612700932985	TRUE
NA	NA	NA	NA	NA	NA	NA	NA	NA	NA	4.37447990136566	TRUE
NA	NA	NA	NA	NA	NA	NA	NA	NA	NA	6.00970190135217	TRUE
NA	NA	NA	NA	NA	NA	NA	NA	NA	NA	3.70445116178059	TRUE
NA	NA	NA	NA	NA	NA	2.22002769778237	83	0	TRUE	NA	NA
NA	NA	NA	NA	NA	NA	NA	NA	NA	NA	4.62889024942975	TRUE
NA	NA	NA	NA	NA	NA	NA	NA	NA	NA	5.18612700932985	TRUE
NA	NA	NA	NA	NA	NA	NA	NA	NA	NA	4.91681462662827	TRUE
NA	NA	NA	NA	NA	NA	NA	NA	NA	NA	3.97749347147167	TRUE
NA	NA	NA	NA	NA	NA	NA	NA	NA	NA	5.45568749910109	TRUE
NA	NA	NA	NA	NA	NA	NA	NA	NA	NA	4.79271439024127	TRUE
NA	NA	NA	NA	NA	NA	NA	NA	NA	NA	5.18612700932985	TRUE
NA	NA	NA	NA	NA	NA	NA	NA	NA	NA	3.95571792216653	TRUE
NA	NA	NA	NA	NA	NA	NA	NA	NA	NA	4.15838977620872	TRUE
NA	NA	NA	NA	NA	NA	NA	NA	NA	NA	4.15838977620872	TRUE
NA	NA	NA	NA	NA	NA	NA	NA	NA	NA	5.08261047253864	TRUE
NA	NA	NA	NA	NA	NA	NA	NA	NA	NA	5.08261047253864	TRUE
NA	NA	NA	NA	NA	NA	NA	NA	NA	NA	5.2195101654068	TRUE
NA	NA	NA	NA	NA	NA	NA	NA	NA	NA	4.54279187021571	TRUE
NA	NA	NA	NA	NA	NA	NA	NA	NA	NA	5.2195101654068	TRUE
NA	NA	NA	NA	NA	NA	NA	NA	NA	NA	6.04306234193218	TRUE
NA	NA	NA	NA	NA	NA	NA	NA	NA	NA	4.01725545975038	TRUE
NA	NA	NA	NA	NA	NA	NA	NA	NA	NA	4.34332857765428	TRUE
NA	NA	NA	NA	NA	NA	NA	NA	NA	NA	4.88600965559949	TRUE
NA	NA	NA	NA	NA	NA	NA	NA	NA	NA	4.88600965559949	TRUE
NA	NA	NA	NA	NA	NA	NA	NA	NA	NA	4.15838977620872	TRUE
NA	NA	NA	NA	NA	NA	NA	NA	NA	NA	4.5417712777623	TRUE
NA	NA	NA	NA	NA	NA	NA	NA	NA	NA	6.4451511045876	TRUE
NA	NA	NA	NA	NA	NA	NA	NA	NA	NA	3.91200286871031	TRUE
NA	NA	NA	NA	NA	NA	NA	NA	NA	NA	4.72329299899515	TRUE
NA	NA	NA	NA	NA	NA	NA	NA	NA	NA	4.86282090987635	TRUE
NA	NA	NA	NA	NA	NA	2.20977062088624	83	0	TRUE	NA	NA
NA	NA	NA	NA	NA	NA	NA	NA	NA	NA	4.27444254268633	TRUE
NA	NA	NA	NA	NA	NA	NA	NA	NA	NA	4.27444254268633	TRUE
NA	NA	NA	NA	NA	NA	NA	NA	NA	NA	4.27444254268633	TRUE
NA	NA	NA	NA	NA	NA	2.10945435366583	122	0	TRUE	4.31278578090727	TRUE
NA	NA	NA	NA	NA	NA	2.14389726816661	139	0	TRUE	NA	NA
NA	NA	NA	NA	NA	NA	NA	NA	NA	NA	5.2195101654068	TRUE
NA	NA	NA	NA	NA	NA	NA	NA	NA	NA	4.54279187021571	TRUE
NA	NA	NA	NA	NA	NA	NA	NA	NA	NA	5.2195101654068	TRUE
NA	NA	NA	NA	NA	NA	NA	NA	NA	NA	4.72329299899515	TRUE
NA	NA	NA	NA	NA	NA	NA	NA	NA	NA	4.59439821170128	TRUE
NA	NA	NA	NA	NA	NA	NA	NA	NA	NA	5.18208091882962	TRUE
NA	NA	NA	NA	NA	NA	NA	NA	NA	NA	5.18208091882962	TRUE
NA	NA	NA	NA	NA	NA	NA	NA	NA	NA	6.34748643707298	TRUE
NA	NA	NA	NA	NA	NA	NA	NA	NA	NA	4.8199547270863	TRUE
NA	NA	NA	NA	NA	NA	NA	NA	NA	NA	6.00970190135217	TRUE
NA	NA	NA	NA	NA	NA	NA	NA	NA	NA	4.28044441837687	TRUE
NA	NA	NA	NA	NA	NA	1.93958020361848	5	0	TRUE	NA	NA
NA	NA	NA	NA	NA	NA	NA	NA	NA	NA	4.80074771412742	TRUE
NA	NA	NA	NA	NA	NA	NA	NA	NA	NA	6.00696610802109	TRUE
NA	NA	NA	NA	NA	NA	NA	NA	NA	NA	4.75120268397813	TRUE
NA	NA	NA	NA	NA	NA	NA	NA	NA	NA	6.03171840232877	TRUE
NA	NA	NA	NA	NA	NA	NA	NA	NA	NA	5.18612700932985	TRUE
NA	NA	NA	NA	NA	NA	NA	NA	NA	NA	3.96437981881165	TRUE
NA	NA	NA	NA	NA	NA	NA	NA	NA	NA	5.68627227849611	TRUE
NA	NA	NA	NA	NA	NA	NA	NA	NA	NA	5.39516938469414	TRUE
NA	NA	NA	NA	NA	NA	2.09233907568548	4	0	TRUE	NA	NA
NA	NA	NA	NA	NA	NA	NA	NA	NA	NA	4.18442006817457	TRUE
NA	NA	NA	NA	NA	NA	NA	NA	NA	NA	4.10289832691363	TRUE
NA	NA	NA	NA	NA	NA	NA	NA	NA	NA	5.42058496385168	TRUE
NA	NA	NA	NA	NA	NA	NA	NA	NA	NA	5.42058496385168	TRUE
NA	NA	NA	NA	NA	NA	NA	NA	NA	NA	5.9681612961886	TRUE
NA	NA	NA	NA	NA	NA	NA	NA	NA	NA	5.94782771957351	TRUE
NA	NA	NA	NA	NA	NA	NA	NA	NA	NA	6.42730737021252	TRUE
NA	NA	NA	NA	NA	NA	NA	NA	NA	NA	6.42730737021252	TRUE
NA	NA	NA	NA	NA	NA	NA	NA	NA	NA	4.62280567237611	TRUE
NA	NA	NA	NA	NA	NA	NA	NA	NA	NA	4.24743631400661	TRUE
NA	NA	NA	NA	NA	NA	NA	NA	NA	NA	5.43275306658123	TRUE
NA	NA	NA	NA	NA	NA	NA	NA	NA	NA	5.3869197788632	TRUE
NA	NA	NA	NA	NA	NA	NA	NA	NA	NA	5.04342142070565	TRUE
NA	NA	NA	NA	NA	NA	NA	NA	NA	NA	5.04342142070565	TRUE
NA	NA	NA	NA	NA	NA	NA	NA	NA	NA	3.70445116178059	TRUE
NA	NA	NA	NA	NA	NA	NA	NA	NA	NA	6.4451511045876	TRUE
NA	NA	NA	NA	NA	NA	NA	NA	NA	NA	4.27530268179035	TRUE
NA	NA	NA	NA	NA	NA	2.56220101936446	39	0	TRUE	5.32224940569153	TRUE
NA	NA	NA	NA	NA	NA	NA	NA	NA	NA	5.00793617296538	TRUE
NA	NA	NA	NA	NA	NA	NA	NA	NA	NA	5.18208091882962	TRUE
NA	NA	NA	NA	NA	NA	NA	NA	NA	NA	5.18208091882962	TRUE
NA	NA	NA	NA	NA	NA	NA	NA	NA	NA	5.18208091882962	TRUE
NA	NA	NA	NA	NA	NA	NA	NA	NA	NA	5.18208091882962	TRUE
NA	NA	NA	NA	NA	NA	NA	NA	NA	NA	5.18208091882962	TRUE
NA	NA	NA	NA	NA	NA	NA	NA	NA	NA	5.18208091882962	TRUE
NA	NA	NA	NA	NA	NA	NA	NA	NA	NA	5.18208091882962	TRUE
NA	NA	NA	NA	NA	NA	NA	NA	NA	NA	5.18208091882962	TRUE
NA	NA	NA	NA	NA	NA	NA	NA	NA	NA	5.59679320981971	TRUE
NA	NA	NA	NA	NA	NA	NA	NA	NA	NA	5.18208091882962	TRUE
NA	NA	NA	NA	NA	NA	NA	NA	NA	NA	5.18208091882962	TRUE
NA	NA	NA	NA	NA	NA	NA	NA	NA	NA	3.91200286871031	TRUE
NA	NA	NA	NA	NA	NA	NA	NA	NA	NA	5.06904867733533	TRUE
NA	NA	NA	NA	NA	NA	NA	NA	NA	NA	5.09420273160417	TRUE
NA	NA	NA	NA	NA	NA	NA	NA	NA	NA	4.48839395340047	TRUE
NA	NA	NA	NA	NA	NA	NA	NA	NA	NA	4.86072300707315	TRUE
NA	NA	NA	NA	NA	NA	NA	NA	NA	NA	6.00712399590868	TRUE
NA	NA	NA	NA	NA	NA	NA	NA	NA	NA	6.00712399590868	TRUE
NA	NA	NA	NA	NA	NA	NA	NA	NA	NA	5.04384337883039	TRUE
NA	NA	NA	NA	NA	NA	NA	NA	NA	NA	5.07741018709715	TRUE
NA	NA	NA	NA	NA	NA	3.02252718304062	22	0	TRUE	6.34748643707298	TRUE
NA	NA	NA	NA	NA	NA	NA	NA	NA	NA	5.55513539544372	TRUE
NA	NA	NA	NA	NA	NA	NA	NA	NA	NA	4.8199547270863	TRUE
NA	NA	NA	NA	NA	NA	NA	NA	NA	NA	4.40996851728427	TRUE
NA	NA	NA	NA	NA	NA	NA	NA	NA	NA	4.40996851728427	TRUE
NA	NA	NA	NA	NA	NA	NA	NA	NA	NA	5.11665669550172	TRUE
NA	NA	NA	NA	NA	NA	NA	NA	NA	NA	5.59679320981971	TRUE
NA	NA	NA	NA	NA	NA	2.0722116377878	35	0	TRUE	NA	NA
NA	NA	NA	NA	NA	NA	NA	NA	NA	NA	4.86805997274231	TRUE
NA	NA	NA	NA	NA	NA	NA	NA	NA	NA	4.43313139960298	TRUE
NA	NA	NA	NA	NA	NA	NA	NA	NA	NA	4.64727585126419	TRUE
NA	NA	NA	NA	NA	NA	NA	NA	NA	NA	4.8199547270863	TRUE
NA	NA	NA	NA	NA	NA	NA	NA	NA	NA	5.45568749910109	TRUE
NA	NA	NA	NA	NA	NA	NA	NA	NA	NA	5.14343313852645	TRUE
NA	NA	NA	NA	NA	NA	NA	NA	NA	NA	6.00696610802109	TRUE
NA	NA	NA	NA	NA	NA	NA	NA	NA	NA	4.5417712777623	TRUE
NA	NA	NA	NA	NA	NA	NA	NA	NA	NA	5.59679320981971	TRUE
NA	NA	NA	NA	NA	NA	NA	NA	NA	NA	5.45505549666546	TRUE
NA	NA	NA	NA	NA	NA	NA	NA	NA	NA	4.60353439437704	TRUE
NA	NA	NA	NA	NA	NA	NA	NA	NA	NA	4.5384059675074	TRUE
NA	NA	NA	NA	NA	NA	NA	NA	NA	NA	5.00793617296538	TRUE
NA	NA	NA	NA	NA	NA	NA	NA	NA	NA	6.42730737021252	TRUE
NA	NA	NA	NA	NA	NA	NA	NA	NA	NA	6.42730737021252	TRUE
NA	NA	NA	NA	NA	NA	NA	NA	NA	NA	6.42730737021252	TRUE
NA	NA	NA	NA	NA	NA	NA	NA	NA	NA	6.42730737021252	TRUE
NA	NA	NA	NA	NA	NA	NA	NA	NA	NA	4.59867835099873	TRUE
NA	NA	NA	NA	NA	NA	NA	NA	NA	NA	5.18612700932985	TRUE
NA	NA	NA	NA	NA	NA	NA	NA	NA	NA	5.7411454368613	TRUE
NA	NA	NA	NA	NA	NA	NA	NA	NA	NA	4.48069945607586	TRUE
NA	NA	NA	NA	NA	NA	NA	NA	NA	NA	4.5417712777623	TRUE
NA	NA	NA	NA	NA	NA	NA	NA	NA	NA	5.09709993185618	TRUE
NA	NA	NA	NA	NA	NA	NA	NA	NA	NA	6.00696610802109	TRUE
NA	NA	NA	NA	NA	NA	NA	NA	NA	NA	7.01623421507139	TRUE
NA	NA	NA	NA	NA	NA	NA	NA	NA	NA	5.475079086624	TRUE
NA	NA	NA	NA	NA	NA	NA	NA	NA	NA	5.18612700932985	TRUE
NA	NA	NA	NA	NA	NA	NA	NA	NA	NA	5.19166647136454	TRUE
NA	NA	NA	NA	NA	NA	NA	NA	NA	NA	4.56538047514389	TRUE
NA	NA	NA	NA	NA	NA	NA	NA	NA	NA	4.54279187021571	TRUE
NA	NA	NA	NA	NA	NA	NA	NA	NA	NA	5.52111659443722	TRUE
NA	NA	NA	NA	NA	NA	NA	NA	NA	NA	6.04306234193218	TRUE
NA	NA	NA	NA	NA	NA	NA	NA	NA	NA	4.23874413335195	TRUE
NA	NA	NA	NA	NA	NA	NA	NA	NA	NA	5.18612700932985	TRUE
NA	NA	NA	NA	NA	NA	NA	NA	NA	NA	4.8199547270863	TRUE
NA	NA	NA	NA	NA	NA	NA	NA	NA	NA	5.08261047253864	TRUE
NA	NA	NA	NA	NA	NA	NA	NA	NA	NA	6.34748643707298	TRUE
NA	NA	NA	NA	NA	NA	NA	NA	NA	NA	4.44764203437031	TRUE
NA	NA	NA	NA	NA	NA	2.36223944007758	5	0	TRUE	NA	NA
NA	NA	NA	NA	NA	NA	NA	NA	NA	NA	5.60452594879482	TRUE
NA	NA	NA	NA	NA	NA	NA	NA	NA	NA	5.45136107457312	TRUE
NA	NA	NA	NA	NA	NA	NA	NA	NA	NA	3.72206081779411	TRUE
NA	NA	NA	NA	NA	NA	NA	NA	NA	NA	6.70945210452453	TRUE
NA	NA	NA	NA	NA	NA	NA	NA	NA	NA	4.44614529854992	TRUE
NA	NA	NA	NA	NA	NA	NA	NA	NA	NA	6.00970190135217	TRUE
NA	NA	NA	NA	NA	NA	NA	NA	NA	NA	4.95171967509874	TRUE
NA	NA	NA	NA	NA	NA	NA	NA	NA	NA	5.02169368716304	TRUE
NA	NA	NA	NA	NA	NA	NA	NA	NA	NA	4.67654859426157	TRUE
NA	NA	NA	NA	NA	NA	NA	NA	NA	NA	3.91200286871031	TRUE
NA	NA	NA	NA	NA	NA	NA	NA	NA	NA	3.91200286871031	TRUE
NA	NA	NA	NA	NA	NA	NA	NA	NA	NA	6.00696610802109	TRUE
NA	NA	NA	NA	NA	NA	NA	NA	NA	NA	6.42730737021252	TRUE
NA	NA	NA	NA	NA	NA	NA	NA	NA	NA	6.42730737021252	TRUE
NA	NA	NA	NA	NA	NA	NA	NA	NA	NA	4.42289594886127	TRUE
NA	NA	NA	NA	NA	NA	NA	NA	NA	NA	4.42289594886127	TRUE
NA	NA	NA	NA	NA	NA	NA	NA	NA	NA	4.42289594886127	TRUE
NA	NA	NA	NA	NA	NA	NA	NA	NA	NA	4.42289594886127	TRUE
NA	NA	NA	NA	NA	NA	NA	NA	NA	NA	4.42289594886127	TRUE
NA	NA	NA	NA	NA	NA	NA	NA	NA	NA	4.42289594886127	TRUE
NA	NA	NA	NA	NA	NA	NA	NA	NA	NA	4.42289594886127	TRUE
NA	NA	NA	NA	NA	NA	NA	NA	NA	NA	4.41667405232451	TRUE
NA	NA	NA	NA	NA	NA	NA	NA	NA	NA	4.86072300707315	TRUE
NA	NA	NA	NA	NA	NA	NA	NA	NA	NA	4.59892323614483	TRUE
NA	NA	NA	NA	NA	NA	NA	NA	NA	NA	6.00696610802109	TRUE
NA	NA	NA	NA	NA	NA	NA	NA	NA	NA	5.05896656454639	TRUE
NA	NA	NA	NA	NA	NA	NA	NA	NA	NA	6.00712399590868	TRUE
NA	NA	NA	NA	NA	NA	NA	NA	NA	NA	6.00712399590868	TRUE
NA	NA	NA	NA	NA	NA	NA	NA	NA	NA	6.00712399590868	TRUE
NA	NA	NA	NA	NA	NA	NA	NA	NA	NA	6.00712399590868	TRUE
NA	NA	NA	NA	NA	NA	NA	NA	NA	NA	5.1915962535611	TRUE
NA	NA	NA	NA	NA	NA	NA	NA	NA	NA	5.38068924766283	TRUE
NA	NA	NA	NA	NA	NA	NA	NA	NA	NA	4.54279187021571	TRUE
NA	NA	NA	NA	NA	NA	NA	NA	NA	NA	4.86805997274231	TRUE
NA	NA	NA	NA	NA	NA	2.1497951327236	21	0	TRUE	NA	NA
NA	NA	NA	NA	NA	NA	2.20355771226997	57	0	TRUE	NA	NA
NA	NA	NA	NA	NA	NA	NA	NA	NA	NA	5.38730890273794	TRUE
NA	NA	NA	NA	NA	NA	NA	NA	NA	NA	4.8053555204478	TRUE
NA	NA	NA	NA	NA	NA	NA	NA	NA	NA	3.91200286871031	TRUE
NA	NA	NA	NA	NA	NA	2.27585782525585	22	0	TRUE	NA	NA
NA	NA	NA	NA	NA	NA	2.27585782525585	22	0.00206820129790621	TRUE	NA	NA
NA	NA	NA	NA	NA	NA	NA	NA	NA	NA	4.55622129878115	TRUE
NA	NA	NA	NA	NA	NA	NA	NA	NA	NA	6.34038268071742	TRUE
NA	NA	NA	NA	NA	NA	NA	NA	NA	NA	6.34038268071742	TRUE
NA	NA	NA	NA	NA	NA	2.20929706609415	41	0	TRUE	5.09420273160417	TRUE
NA	NA	NA	NA	NA	NA	NA	NA	NA	NA	6.70945210452453	TRUE
NA	NA	NA	NA	NA	NA	NA	NA	NA	NA	4.52079161719979	TRUE
NA	NA	NA	NA	NA	NA	NA	NA	NA	NA	4.52079161719979	TRUE
NA	NA	NA	NA	NA	NA	NA	NA	NA	NA	5.45505549666546	TRUE
NA	NA	NA	NA	NA	NA	NA	NA	NA	NA	5.45505549666546	TRUE
NA	NA	NA	NA	NA	NA	NA	NA	NA	NA	6.00696610802109	TRUE
NA	NA	NA	NA	NA	NA	NA	NA	NA	NA	6.02016147371628	TRUE
NA	NA	NA	NA	NA	NA	NA	NA	NA	NA	5.17651418612702	TRUE
NA	NA	NA	NA	NA	NA	NA	NA	NA	NA	5.76142086380579	TRUE
NA	NA	NA	NA	NA	NA	NA	NA	NA	NA	4.52766197847841	TRUE
NA	NA	NA	NA	NA	NA	NA	NA	NA	NA	4.52766197847841	TRUE
NA	NA	NA	NA	NA	NA	NA	NA	NA	NA	5.05896656454639	TRUE
NA	NA	NA	NA	NA	NA	NA	NA	NA	NA	6.4451511045876	TRUE
NA	NA	NA	NA	NA	NA	NA	NA	NA	NA	5.1915962535611	TRUE
NA	NA	NA	NA	NA	NA	2.17820300624144	52	0	TRUE	NA	NA
NA	NA	NA	NA	NA	NA	NA	NA	NA	NA	4.44764203437031	TRUE
NA	NA	NA	NA	NA	NA	NA	NA	NA	NA	4.44764203437031	TRUE
NA	NA	NA	NA	NA	NA	NA	NA	NA	NA	4.44764203437031	TRUE
NA	NA	NA	NA	NA	NA	NA	NA	NA	NA	5.88964202652974	TRUE
NA	NA	NA	NA	NA	NA	NA	NA	NA	NA	4.59099818413182	TRUE
NA	NA	NA	NA	NA	NA	NA	NA	NA	NA	6.62075837208174	TRUE
NA	NA	NA	NA	NA	NA	NA	NA	NA	NA	4.97375922393028	TRUE
NA	NA	NA	NA	NA	NA	2.43672676693696	57	0	TRUE	6.02420623234544	TRUE
NA	NA	NA	NA	NA	NA	2.39590289099814	65	0	TRUE	6.02420623234544	TRUE
NA	NA	NA	NA	NA	NA	2.39112162823569	65	0	TRUE	6.02420623234544	TRUE
NA	NA	NA	NA	NA	NA	NA	NA	NA	NA	4.37447990136566	TRUE
NA	NA	NA	NA	NA	NA	NA	NA	NA	NA	6.00696610802109	TRUE
NA	NA	NA	NA	NA	NA	NA	NA	NA	NA	4.62280567237611	TRUE
NA	NA	NA	NA	NA	NA	NA	NA	NA	NA	4.62280567237611	TRUE
NA	NA	NA	NA	NA	NA	NA	NA	NA	NA	4.73956445805936	TRUE
NA	NA	NA	NA	NA	NA	NA	NA	NA	NA	5.50944471003729	TRUE
NA	NA	NA	NA	NA	NA	NA	NA	NA	NA	5.58699461159227	TRUE
NA	NA	NA	NA	NA	NA	NA	NA	NA	NA	5.50616485027476	TRUE
NA	NA	NA	NA	NA	NA	NA	NA	NA	NA	4.28771258040993	TRUE
NA	NA	NA	NA	NA	NA	NA	NA	NA	NA	6.00970190135217	TRUE
NA	NA	NA	NA	NA	NA	2.33287454067207	52	0	TRUE	NA	NA
NA	NA	NA	NA	NA	NA	NA	NA	NA	NA	5.13788488846038	TRUE
NA	NA	NA	NA	NA	NA	NA	NA	NA	NA	4.54279187021571	TRUE
NA	NA	NA	NA	NA	NA	NA	NA	NA	NA	4.83394132065648	TRUE
NA	NA	NA	NA	NA	NA	NA	NA	NA	NA	4.44764203437031	TRUE
NA	NA	NA	NA	NA	NA	NA	NA	NA	NA	6.00970190135217	TRUE
NA	NA	NA	NA	NA	NA	NA	NA	NA	NA	4.14334052433592	TRUE
NA	NA	NA	NA	NA	NA	NA	NA	NA	NA	4.96205227063482	TRUE
NA	NA	NA	NA	NA	NA	NA	NA	NA	NA	4.96205227063482	TRUE
NA	NA	NA	NA	NA	NA	NA	NA	NA	NA	5.2195101654068	TRUE
NA	NA	NA	NA	NA	NA	NA	NA	NA	NA	4.65538265355862	TRUE
NA	NA	NA	NA	NA	NA	NA	NA	NA	NA	4.31538797789703	TRUE
NA	NA	NA	NA	NA	NA	NA	NA	NA	NA	4.65523902693242	TRUE
NA	NA	NA	NA	NA	NA	NA	NA	NA	NA	6.00970190135217	TRUE
NA	NA	NA	NA	NA	NA	NA	NA	NA	NA	6.02016147371628	TRUE
NA	NA	NA	NA	NA	NA	NA	NA	NA	NA	4.36581707536113	TRUE
NA	NA	NA	NA	NA	NA	NA	NA	NA	NA	5.62134504299613	TRUE
NA	NA	NA	NA	NA	NA	NA	NA	NA	NA	5.81731568490839	TRUE
NA	NA	NA	NA	NA	NA	2.32531972710091	46	0	TRUE	NA	NA
NA	NA	NA	NA	NA	NA	NA	NA	NA	NA	4.87828908226015	TRUE
NA	NA	NA	NA	NA	NA	NA	NA	NA	NA	3.70445116178059	TRUE
NA	NA	NA	NA	NA	NA	NA	NA	NA	NA	6.00696610802109	TRUE
NA	NA	NA	NA	NA	NA	NA	NA	NA	NA	6.4451511045876	TRUE
NA	NA	NA	NA	NA	NA	NA	NA	NA	NA	4.14334052433592	TRUE
NA	NA	NA	NA	NA	NA	NA	NA	NA	NA	5.29412654136378	TRUE
NA	NA	NA	NA	NA	NA	NA	NA	NA	NA	5.29412654136378	TRUE
NA	NA	NA	NA	NA	NA	NA	NA	NA	NA	4.59439821170128	TRUE
NA	NA	NA	NA	NA	NA	NA	NA	NA	NA	5.59679320981971	TRUE
NA	NA	NA	NA	NA	NA	NA	NA	NA	NA	4.75120268397813	TRUE
NA	NA	NA	NA	NA	NA	NA	NA	NA	NA	4.86072300707315	TRUE
NA	NA	NA	NA	NA	NA	NA	NA	NA	NA	5.18612700932985	TRUE
NA	NA	NA	NA	NA	NA	NA	NA	NA	NA	5.18612700932985	TRUE
NA	NA	NA	NA	NA	NA	NA	NA	NA	NA	5.18612700932985	TRUE
NA	NA	NA	NA	NA	NA	NA	NA	NA	NA	5.18612700932985	TRUE
NA	NA	NA	NA	NA	NA	NA	NA	NA	NA	5.18612700932985	TRUE
NA	NA	NA	NA	NA	NA	NA	NA	NA	NA	5.18612700932985	TRUE
NA	NA	NA	NA	NA	NA	NA	NA	NA	NA	3.91200286871031	TRUE
NA	NA	NA	NA	NA	NA	NA	NA	NA	NA	3.91200286871031	TRUE
NA	NA	NA	NA	NA	NA	NA	NA	NA	NA	3.91200286871031	TRUE
NA	NA	NA	NA	NA	NA	NA	NA	NA	NA	5.06904867733533	TRUE
NA	NA	NA	NA	NA	NA	NA	NA	NA	NA	5.59679320981971	TRUE
NA	NA	NA	NA	NA	NA	NA	NA	NA	NA	4.61623390969902	TRUE
NA	NA	NA	NA	NA	NA	NA	NA	NA	NA	5.35155915316326	TRUE
NA	NA	NA	NA	NA	NA	NA	NA	NA	NA	5.18208091882962	TRUE
NA	NA	NA	NA	NA	NA	NA	NA	NA	NA	5.18208091882962	TRUE
NA	NA	NA	NA	NA	NA	NA	NA	NA	NA	4.31662669510439	TRUE
NA	NA	NA	NA	NA	NA	NA	NA	NA	NA	4.55622129878115	TRUE
NA	NA	NA	NA	NA	NA	NA	NA	NA	NA	6.00696610802109	TRUE
NA	NA	NA	NA	NA	NA	NA	NA	NA	NA	4.97375922393028	TRUE
NA	NA	NA	NA	NA	NA	NA	NA	NA	NA	4.73377461736951	TRUE
NA	NA	NA	NA	NA	NA	NA	NA	NA	NA	4.8837336296898	TRUE
NA	NA	NA	NA	NA	NA	NA	NA	NA	NA	4.52079161719979	TRUE
NA	NA	NA	NA	NA	NA	NA	NA	NA	NA	4.52079161719979	TRUE
NA	NA	NA	NA	NA	NA	NA	NA	NA	NA	5.25734983624961	TRUE
NA	NA	NA	NA	NA	NA	NA	NA	NA	NA	5.25734983624961	TRUE
NA	NA	NA	NA	NA	NA	NA	NA	NA	NA	5.25734983624961	TRUE
NA	NA	NA	NA	NA	NA	NA	NA	NA	NA	5.25734983624961	TRUE
NA	NA	NA	NA	NA	NA	NA	NA	NA	NA	4.87828908226015	TRUE
NA	NA	NA	NA	NA	NA	NA	NA	NA	NA	4.87828908226015	TRUE
NA	NA	NA	NA	NA	NA	NA	NA	NA	NA	4.22971631298032	TRUE
NA	NA	NA	NA	NA	NA	NA	NA	NA	NA	6.00970190135217	TRUE
NA	NA	NA	NA	NA	NA	NA	NA	NA	NA	3.86250416016614	TRUE
NA	NA	NA	NA	NA	NA	NA	NA	NA	NA	7.43702185407351	TRUE
NA	NA	NA	NA	NA	NA	NA	NA	NA	NA	4.97375922393028	TRUE
NA	NA	NA	NA	NA	NA	NA	NA	NA	NA	4.81232558749372	TRUE
NA	NA	NA	NA	NA	NA	NA	NA	NA	NA	4.90245318479284	TRUE
NA	NA	NA	NA	NA	NA	NA	NA	NA	NA	5.18612700932985	TRUE
NA	NA	NA	NA	NA	NA	NA	NA	NA	NA	4.12655246961343	TRUE
NA	NA	NA	NA	NA	NA	NA	NA	NA	NA	4.8199547270863	TRUE
NA	NA	NA	NA	NA	NA	NA	NA	NA	NA	4.86282090987635	TRUE
NA	NA	NA	NA	NA	NA	NA	NA	NA	NA	4.76482274073585	TRUE
NA	NA	NA	NA	NA	NA	NA	NA	NA	NA	4.31662669510439	TRUE
NA	NA	NA	NA	NA	NA	NA	NA	NA	NA	4.40497770828231	TRUE
NA	NA	NA	NA	NA	NA	NA	NA	NA	NA	5.50616485027476	TRUE
NA	NA	NA	NA	NA	NA	NA	NA	NA	NA	5.88238116780238	TRUE
NA	NA	NA	NA	NA	NA	NA	NA	NA	NA	5.18612700932985	TRUE
NA	NA	NA	NA	NA	NA	NA	NA	NA	NA	4.50077173350862	TRUE
NA	NA	NA	NA	NA	NA	NA	NA	NA	NA	4.61623390969902	TRUE
NA	NA	NA	NA	NA	NA	NA	NA	NA	NA	5.19166647136454	TRUE
NA	NA	NA	NA	NA	NA	2.26485839104136	27	0	TRUE	NA	NA
NA	NA	NA	NA	NA	NA	NA	NA	NA	NA	4.08796562041817	TRUE
NA	NA	NA	NA	NA	NA	NA	NA	NA	NA	4.34636002618768	TRUE
NA	NA	NA	NA	NA	NA	NA	NA	NA	NA	4.24743631400661	TRUE
NA	NA	NA	NA	NA	NA	NA	NA	NA	NA	4.24743631400661	TRUE
NA	NA	NA	NA	NA	NA	NA	NA	NA	NA	4.24743631400661	TRUE
NA	NA	NA	NA	NA	NA	NA	NA	NA	NA	4.79271439024127	TRUE
NA	NA	NA	NA	NA	NA	3.00181097331631	22	0	TRUE	6.34748643707298	TRUE
NA	NA	NA	NA	NA	NA	NA	NA	NA	NA	4.8199547270863	TRUE
NA	NA	NA	NA	NA	NA	NA	NA	NA	NA	5.2195101654068	TRUE
NA	NA	NA	NA	NA	NA	NA	NA	NA	NA	4.8837336296898	TRUE
NA	NA	NA	NA	NA	NA	NA	NA	NA	NA	4.8837336296898	TRUE
NA	NA	NA	NA	NA	NA	NA	NA	NA	NA	4.8199547270863	TRUE
NA	NA	NA	NA	NA	NA	NA	NA	NA	NA	4.54279187021571	TRUE
NA	NA	NA	NA	NA	NA	NA	NA	NA	NA	4.54279187021571	TRUE
NA	NA	NA	NA	NA	NA	NA	NA	NA	NA	4.54279187021571	TRUE
NA	NA	NA	NA	NA	NA	NA	NA	NA	NA	4.14334052433592	TRUE
NA	NA	NA	NA	NA	NA	NA	NA	NA	NA	5.59679320981971	TRUE
NA	NA	NA	NA	NA	NA	NA	NA	NA	NA	5.06904867733533	TRUE
NA	NA	NA	NA	NA	NA	NA	NA	NA	NA	5.59679320981971	TRUE
NA	NA	NA	NA	NA	NA	NA	NA	NA	NA	5.06904867733533	TRUE
NA	NA	NA	NA	NA	NA	NA	NA	NA	NA	4.10104994508463	TRUE
NA	NA	NA	NA	NA	NA	NA	NA	NA	NA	5.04384337883039	TRUE
NA	NA	NA	NA	NA	NA	NA	NA	NA	NA	4.72329299899515	TRUE
NA	NA	NA	NA	NA	NA	NA	NA	NA	NA	6.00970190135217	TRUE
NA	NA	NA	NA	NA	NA	NA	NA	NA	NA	5.18612700932985	TRUE
NA	NA	NA	NA	NA	NA	NA	NA	NA	NA	4.64727585126419	TRUE
NA	NA	NA	NA	NA	NA	NA	NA	NA	NA	5.19377585207362	TRUE
NA	NA	NA	NA	NA	NA	NA	NA	NA	NA	4.59439821170128	TRUE
NA	NA	NA	NA	NA	NA	NA	NA	NA	NA	4.11303496618355	TRUE
NA	NA	NA	NA	NA	NA	NA	NA	NA	NA	4.55622129878115	TRUE
NA	NA	NA	NA	NA	NA	NA	NA	NA	NA	4.52766197847841	TRUE
NA	NA	NA	NA	NA	NA	2.50591922948523	52	0.00821366918719153	TRUE	4.5185909248592	TRUE
NA	NA	NA	NA	NA	NA	2.50591922948523	52	0	TRUE	4.5185909248592	TRUE
NA	NA	NA	NA	NA	NA	NA	NA	NA	NA	5.4088937183783	TRUE
NA	NA	NA	NA	NA	NA	NA	NA	NA	NA	5.62244249534017	TRUE
NA	NA	NA	NA	NA	NA	NA	NA	NA	NA	5.62244249534017	TRUE
NA	NA	NA	NA	NA	NA	NA	NA	NA	NA	4.87828908226015	TRUE
NA	NA	NA	NA	NA	NA	NA	NA	NA	NA	5.59961826115326	TRUE
NA	NA	NA	NA	NA	NA	NA	NA	NA	NA	5.23738041217633	TRUE
NA	NA	NA	NA	NA	NA	NA	NA	NA	NA	5.23738041217633	TRUE
NA	NA	NA	NA	NA	NA	NA	NA	NA	NA	5.23738041217633	TRUE
NA	NA	NA	NA	NA	NA	NA	NA	NA	NA	4.59439821170128	TRUE
NA	NA	NA	NA	NA	NA	NA	NA	NA	NA	5.2195101654068	TRUE
NA	NA	NA	NA	NA	NA	NA	NA	NA	NA	5.59679320981971	TRUE
NA	NA	NA	NA	NA	NA	NA	NA	NA	NA	5.05896656454639	TRUE
NA	NA	NA	NA	NA	NA	NA	NA	NA	NA	5.06904867733533	TRUE
NA	NA	NA	NA	NA	NA	NA	NA	NA	NA	3.91200286871031	TRUE
NA	NA	NA	NA	NA	NA	NA	NA	NA	NA	5.61644354626588	TRUE
NA	NA	NA	NA	NA	NA	NA	NA	NA	NA	4.53936481758791	TRUE
NA	NA	NA	NA	NA	NA	NA	NA	NA	NA	4.52079161719979	TRUE
NA	NA	NA	NA	NA	NA	NA	NA	NA	NA	4.52079161719979	TRUE
NA	NA	NA	NA	NA	NA	NA	NA	NA	NA	6.00696610802109	TRUE
NA	NA	NA	NA	NA	NA	NA	NA	NA	NA	4.40996851728427	TRUE
NA	NA	NA	NA	NA	NA	NA	NA	NA	NA	4.40996851728427	TRUE
NA	NA	NA	NA	NA	NA	NA	NA	NA	NA	3.89245749977345	TRUE
NA	NA	NA	NA	NA	NA	NA	NA	NA	NA	4.18442006817457	TRUE
NA	NA	NA	NA	NA	NA	NA	NA	NA	NA	5.62244249534017	TRUE
NA	NA	NA	NA	NA	NA	NA	NA	NA	NA	5.62244249534017	TRUE
NA	NA	NA	NA	NA	NA	NA	NA	NA	NA	4.33424703934928	TRUE
NA	NA	NA	NA	NA	NA	NA	NA	NA	NA	5.2195101654068	TRUE
NA	NA	NA	NA	NA	NA	2.20355771226997	57	0	TRUE	NA	NA
NA	NA	NA	NA	NA	NA	NA	NA	NA	NA	5.45505549666546	TRUE
NA	NA	NA	NA	NA	NA	NA	NA	NA	NA	4.57333535636696	TRUE
NA	NA	NA	NA	NA	NA	NA	NA	NA	NA	4.19143493314505	TRUE
NA	NA	NA	NA	NA	NA	2.0722116377878	35	0	TRUE	NA	NA
NA	NA	NA	NA	NA	NA	NA	NA	NA	NA	4.77433241713098	TRUE
NA	NA	NA	NA	NA	NA	NA	NA	NA	NA	4.28771258040993	TRUE
NA	NA	NA	NA	NA	NA	NA	NA	NA	NA	4.62280567237611	TRUE
NA	NA	NA	NA	NA	NA	NA	NA	NA	NA	4.62280567237611	TRUE
NA	NA	NA	NA	NA	NA	NA	NA	NA	NA	4.62280567237611	TRUE
NA	NA	NA	NA	NA	NA	NA	NA	NA	NA	4.01725545975038	TRUE
NA	NA	NA	NA	NA	NA	NA	NA	NA	NA	6.02420623234544	TRUE
NA	NA	NA	NA	NA	NA	NA	NA	NA	NA	4.73377461736951	TRUE
NA	NA	NA	NA	NA	NA	NA	NA	NA	NA	6.42730737021252	TRUE
NA	NA	NA	NA	NA	NA	NA	NA	NA	NA	6.42730737021252	TRUE
NA	NA	NA	NA	NA	NA	NA	NA	NA	NA	6.42730737021252	TRUE
NA	NA	NA	NA	NA	NA	NA	NA	NA	NA	6.42730737021252	TRUE
NA	NA	NA	NA	NA	NA	NA	NA	NA	NA	6.41946432254296	TRUE
NA	NA	NA	NA	NA	NA	NA	NA	NA	NA	5.9175981418508	TRUE
NA	NA	NA	NA	NA	NA	NA	NA	NA	NA	5.68627227849611	TRUE
NA	NA	NA	NA	NA	NA	NA	NA	NA	NA	5.59679320981971	TRUE
NA	NA	NA	NA	NA	NA	NA	NA	NA	NA	5.06904867733533	TRUE
NA	NA	NA	NA	NA	NA	NA	NA	NA	NA	5.2195101654068	TRUE
NA	NA	NA	NA	NA	NA	NA	NA	NA	NA	5.67626838278047	TRUE
NA	NA	NA	NA	NA	NA	NA	NA	NA	NA	4.11303496618355	TRUE
NA	NA	NA	NA	NA	NA	NA	NA	NA	NA	4.33424703934928	TRUE
NA	NA	NA	NA	NA	NA	NA	NA	NA	NA	4.13238228861321	TRUE
NA	NA	NA	NA	NA	NA	NA	NA	NA	NA	4.42289594886127	TRUE
NA	NA	NA	NA	NA	NA	NA	NA	NA	NA	4.5185909248592	TRUE
NA	NA	NA	NA	NA	NA	2.1952355482487	60	0	TRUE	NA	NA
NA	NA	NA	NA	NA	NA	NA	NA	NA	NA	6.00696610802109	TRUE
NA	NA	NA	NA	NA	NA	NA	NA	NA	NA	5.43120042997163	TRUE
NA	NA	NA	NA	NA	NA	NA	NA	NA	NA	4.97375922393028	TRUE
NA	NA	NA	NA	NA	NA	NA	NA	NA	NA	4.36581707536113	TRUE
NA	NA	NA	NA	NA	NA	NA	NA	NA	NA	6.00696610802109	TRUE
NA	NA	NA	NA	NA	NA	NA	NA	NA	NA	6.41946432254296	TRUE
NA	NA	NA	NA	NA	NA	NA	NA	NA	NA	4.33424703934928	TRUE
NA	NA	NA	NA	NA	NA	NA	NA	NA	NA	5.18612700932985	TRUE
NA	NA	NA	NA	NA	NA	NA	NA	NA	NA	5.00793617296538	TRUE
NA	NA	NA	NA	NA	NA	NA	NA	NA	NA	5.2195101654068	TRUE
NA	NA	NA	NA	NA	NA	NA	NA	NA	NA	4.64727585126419	TRUE
NA	NA	NA	NA	NA	NA	NA	NA	NA	NA	7.32006222930477	TRUE
NA	NA	NA	NA	NA	NA	NA	NA	NA	NA	4.97375922393028	TRUE
NA	NA	NA	NA	NA	NA	NA	NA	NA	NA	5.45324265320089	TRUE
NA	NA	NA	NA	NA	NA	NA	NA	NA	NA	4.27896567972409	TRUE
NA	NA	NA	NA	NA	NA	NA	NA	NA	NA	5.02169368716304	TRUE
NA	NA	NA	NA	NA	NA	NA	NA	NA	NA	6.00696610802109	TRUE
NA	NA	NA	NA	NA	NA	NA	NA	NA	NA	6.00696610802109	TRUE
NA	NA	NA	NA	NA	NA	NA	NA	NA	NA	5.15449673547803	TRUE
NA	NA	NA	NA	NA	NA	NA	NA	NA	NA	5.26537856440388	TRUE
NA	NA	NA	NA	NA	NA	NA	NA	NA	NA	5.00793617296538	TRUE
NA	NA	NA	NA	NA	NA	NA	NA	NA	NA	6.00696610802109	TRUE
NA	NA	NA	NA	NA	NA	NA	NA	NA	NA	5.3171615826739	TRUE
NA	NA	NA	NA	NA	NA	NA	NA	NA	NA	6.00696610802109	TRUE
NA	NA	NA	NA	NA	NA	2.62855670807699	7	0	TRUE	5.10883967987629	TRUE
NA	NA	NA	NA	NA	NA	NA	NA	NA	NA	5.06904867733533	TRUE
NA	NA	NA	NA	NA	NA	NA	NA	NA	NA	4.62280567237611	TRUE
NA	NA	NA	NA	NA	NA	NA	NA	NA	NA	5.68627227849611	TRUE
NA	NA	NA	NA	NA	NA	NA	NA	NA	NA	4.79454293280226	TRUE
NA	NA	NA	NA	NA	NA	NA	NA	NA	NA	5.398114781187	TRUE
NA	NA	NA	NA	NA	NA	NA	NA	NA	NA	4.12655246961343	TRUE
NA	NA	NA	NA	NA	NA	NA	NA	NA	NA	5.05896656454639	TRUE
NA	NA	NA	NA	NA	NA	NA	NA	NA	NA	4.76482274073585	TRUE
NA	NA	NA	NA	NA	NA	NA	NA	NA	NA	4.76482274073585	TRUE
NA	NA	NA	NA	NA	NA	NA	NA	NA	NA	5.36893675229425	TRUE
NA	NA	NA	NA	NA	NA	NA	NA	NA	NA	5.36893675229425	TRUE
NA	NA	NA	NA	NA	NA	NA	NA	NA	NA	5.36893675229425	TRUE
NA	NA	NA	NA	NA	NA	2.03094618089171	65	0	TRUE	5.36893675229425	TRUE
NA	NA	NA	NA	NA	NA	NA	NA	NA	NA	4.59439821170128	TRUE
NA	NA	NA	NA	NA	NA	NA	NA	NA	NA	4.44764203437031	TRUE
NA	NA	NA	NA	NA	NA	NA	NA	NA	NA	5.55513539544372	TRUE
NA	NA	NA	NA	NA	NA	NA	NA	NA	NA	4.91681462662827	TRUE
NA	NA	NA	NA	NA	NA	2.50600179501937	5	0	TRUE	NA	NA
NA	NA	NA	NA	NA	NA	2.54753993164968	136	0	TRUE	5.99449963802953	TRUE
NA	NA	NA	NA	NA	NA	2.55083236696125	135	0	TRUE	5.99449963802953	TRUE
NA	NA	NA	NA	NA	NA	NA	NA	NA	NA	5.99449963802953	TRUE
NA	NA	NA	NA	NA	NA	NA	NA	NA	NA	4.43313139960298	TRUE
NA	NA	NA	NA	NA	NA	NA	NA	NA	NA	4.65523902693242	TRUE
NA	NA	NA	NA	NA	NA	NA	NA	NA	NA	4.42289594886127	TRUE
NA	NA	NA	NA	NA	NA	NA	NA	NA	NA	4.55622129878115	TRUE
NA	NA	NA	NA	NA	NA	NA	NA	NA	NA	5.58699461159227	TRUE
NA	NA	NA	NA	NA	NA	NA	NA	NA	NA	6.4505996526475	TRUE
NA	NA	NA	NA	NA	NA	NA	NA	NA	NA	4.59439821170128	TRUE
NA	NA	NA	NA	NA	NA	NA	NA	NA	NA	3.86250416016614	TRUE
NA	NA	NA	NA	NA	NA	NA	NA	NA	NA	5.79583459532246	TRUE
NA	NA	NA	NA	NA	NA	NA	NA	NA	NA	6.62075837208174	TRUE
NA	NA	NA	NA	NA	NA	NA	NA	NA	NA	4.86072300707315	TRUE
NA	NA	NA	NA	NA	NA	NA	NA	NA	NA	5.02169368716304	TRUE
NA	NA	NA	NA	NA	NA	NA	NA	NA	NA	5.2195101654068	TRUE
NA	NA	NA	NA	NA	NA	NA	NA	NA	NA	4.59439821170128	TRUE
NA	NA	NA	NA	NA	NA	NA	NA	NA	NA	5.2195101654068	TRUE
NA	NA	NA	NA	NA	NA	NA	NA	NA	NA	4.97375922393028	TRUE
NA	NA	NA	NA	NA	NA	NA	NA	NA	NA	4.96074825513303	TRUE
NA	NA	NA	NA	NA	NA	NA	NA	NA	NA	5.95829024502404	TRUE
NA	NA	NA	NA	NA	NA	NA	NA	NA	NA	5.05896656454639	TRUE
NA	NA	NA	NA	NA	NA	NA	NA	NA	NA	5.05896656454639	TRUE
NA	NA	NA	NA	NA	NA	NA	NA	NA	NA	5.12226853102548	TRUE
NA	NA	NA	NA	NA	NA	2.22528439626735	39	0	TRUE	NA	NA
NA	NA	NA	NA	NA	NA	NA	NA	NA	NA	5.38730890273794	TRUE
NA	NA	NA	NA	NA	NA	NA	NA	NA	NA	4.54279187021571	TRUE
NA	NA	NA	NA	NA	NA	NA	NA	NA	NA	4.54279187021571	TRUE
NA	NA	NA	NA	NA	NA	NA	NA	NA	NA	5.2195101654068	TRUE
NA	NA	NA	NA	NA	NA	NA	NA	NA	NA	3.72206081779411	TRUE
NA	NA	NA	NA	NA	NA	NA	NA	NA	NA	4.50231634006785	TRUE
NA	NA	NA	NA	NA	NA	NA	NA	NA	NA	4.62280567237611	TRUE
NA	NA	NA	NA	NA	NA	NA	NA	NA	NA	4.62280567237611	TRUE
NA	NA	NA	NA	NA	NA	NA	NA	NA	NA	4.62280567237611	TRUE
NA	NA	NA	NA	NA	NA	NA	NA	NA	NA	4.62280567237611	TRUE
NA	NA	NA	NA	NA	NA	NA	NA	NA	NA	4.62280567237611	TRUE
NA	NA	NA	NA	NA	NA	NA	NA	NA	NA	4.62280567237611	TRUE
NA	NA	NA	NA	NA	NA	NA	NA	NA	NA	4.62280567237611	TRUE
NA	NA	NA	NA	NA	NA	NA	NA	NA	NA	4.62280567237611	TRUE
NA	NA	NA	NA	NA	NA	NA	NA	NA	NA	4.62280567237611	TRUE
NA	NA	NA	NA	NA	NA	2.15558952051865	85	0	TRUE	6.41920808807645	TRUE
NA	NA	NA	NA	NA	NA	2.13849033798285	85	0	TRUE	6.41920808807645	TRUE
NA	NA	NA	NA	NA	NA	2.13849033798285	85	0	TRUE	6.41920808807645	TRUE
NA	NA	NA	NA	NA	NA	2.13664069585787	85	0	TRUE	6.41920808807645	TRUE
NA	NA	NA	NA	NA	NA	NA	NA	NA	NA	4.31538797789703	TRUE
NA	NA	NA	NA	NA	NA	NA	NA	NA	NA	4.19143493314505	TRUE
NA	NA	NA	NA	NA	NA	NA	NA	NA	NA	4.15715992706559	TRUE
NA	NA	NA	NA	NA	NA	NA	NA	NA	NA	4.44614529854992	TRUE
NA	NA	NA	NA	NA	NA	NA	NA	NA	NA	5.09709993185618	TRUE
NA	NA	NA	NA	NA	NA	NA	NA	NA	NA	5.09709993185618	TRUE
NA	NA	NA	NA	NA	NA	NA	NA	NA	NA	5.49488732993343	TRUE
NA	NA	NA	NA	NA	NA	NA	NA	NA	NA	5.30446271016998	TRUE
NA	NA	NA	NA	NA	NA	2.30746167549037	233	0	TRUE	6.15624529410732	TRUE
NA	NA	NA	NA	NA	NA	NA	NA	NA	NA	5.1915962535611	TRUE
NA	NA	NA	NA	NA	NA	NA	NA	NA	NA	4.64727585126419	TRUE
NA	NA	NA	NA	NA	NA	NA	NA	NA	NA	4.64727585126419	TRUE
NA	NA	NA	NA	NA	NA	NA	NA	NA	NA	6.00696610802109	TRUE
NA	NA	NA	NA	NA	NA	NA	NA	NA	NA	6.00696610802109	TRUE
NA	NA	NA	NA	NA	NA	NA	NA	NA	NA	7.01183807074807	TRUE
NA	NA	NA	NA	NA	NA	NA	NA	NA	NA	3.97741237255874	TRUE
NA	NA	NA	NA	NA	NA	NA	NA	NA	NA	5.2195101654068	TRUE
NA	NA	NA	NA	NA	NA	2.1952355482487	60	0	TRUE	NA	NA
NA	NA	NA	NA	NA	NA	2.1952355482487	60	0	TRUE	NA	NA
NA	NA	NA	NA	NA	NA	2.1952355482487	60	0	TRUE	NA	NA
NA	NA	NA	NA	NA	NA	NA	NA	NA	NA	4.15838977620872	TRUE
NA	NA	NA	NA	NA	NA	NA	NA	NA	NA	4.35163971288894	TRUE
NA	NA	NA	NA	NA	NA	NA	NA	NA	NA	4.87828908226015	TRUE
NA	NA	NA	NA	NA	NA	NA	NA	NA	NA	5.04384337883039	TRUE
NA	NA	NA	NA	NA	NA	NA	NA	NA	NA	5.95614078412435	TRUE
NA	NA	NA	NA	NA	NA	NA	NA	NA	NA	6.00696610802109	TRUE
NA	NA	NA	NA	NA	NA	NA	NA	NA	NA	4.55622129878115	TRUE
NA	NA	NA	NA	NA	NA	NA	NA	NA	NA	5.2195101654068	TRUE
NA	NA	NA	NA	NA	NA	NA	NA	NA	NA	5.07741018709715	TRUE
NA	NA	NA	NA	NA	NA	NA	NA	NA	NA	5.2195101654068	TRUE
NA	NA	NA	NA	NA	NA	NA	NA	NA	NA	5.2195101654068	TRUE
NA	NA	NA	NA	NA	NA	NA	NA	NA	NA	3.72206081779411	TRUE
NA	NA	NA	NA	NA	NA	NA	NA	NA	NA	4.71664019734327	TRUE
NA	NA	NA	NA	NA	NA	NA	NA	NA	NA	4.8837336296898	TRUE
NA	NA	NA	NA	NA	NA	NA	NA	NA	NA	5.2195101654068	TRUE
NA	NA	NA	NA	NA	NA	NA	NA	NA	NA	4.59439821170128	TRUE
NA	NA	NA	NA	NA	NA	NA	NA	NA	NA	4.70007045555873	TRUE
NA	NA	NA	NA	NA	NA	NA	NA	NA	NA	4.54279187021571	TRUE
NA	NA	NA	NA	NA	NA	NA	NA	NA	NA	4.19143493314505	TRUE
NA	NA	NA	NA	NA	NA	2.62397378588517	103	0	TRUE	5.99449963802953	TRUE
NA	NA	NA	NA	NA	NA	NA	NA	NA	NA	4.54279187021571	TRUE
NA	NA	NA	NA	NA	NA	NA	NA	NA	NA	4.10420394839656	TRUE
NA	NA	NA	NA	NA	NA	NA	NA	NA	NA	4.43313139960298	TRUE
NA	NA	NA	NA	NA	NA	NA	NA	NA	NA	6.4505996526475	TRUE
NA	NA	NA	NA	NA	NA	NA	NA	NA	NA	4.35641122559115	TRUE
NA	NA	NA	NA	NA	NA	NA	NA	NA	NA	5.85455932405565	TRUE
NA	NA	NA	NA	NA	NA	NA	NA	NA	NA	5.08261047253864	TRUE
NA	NA	NA	NA	NA	NA	NA	NA	NA	NA	4.84910439914369	TRUE
NA	NA	NA	NA	NA	NA	NA	NA	NA	NA	5.2195101654068	TRUE
NA	NA	NA	NA	NA	NA	NA	NA	NA	NA	4.60353439437704	TRUE
NA	NA	NA	NA	NA	NA	NA	NA	NA	NA	4.27863798709567	TRUE
NA	NA	NA	NA	NA	NA	NA	NA	NA	NA	4.53936481758791	TRUE
NA	NA	NA	NA	NA	NA	NA	NA	NA	NA	4.8199547270863	TRUE
NA	NA	NA	NA	NA	NA	NA	NA	NA	NA	4.8199547270863	TRUE
NA	NA	NA	NA	NA	NA	NA	NA	NA	NA	5.08261047253864	TRUE
NA	NA	NA	NA	NA	NA	NA	NA	NA	NA	4.96074825513303	TRUE
NA	NA	NA	NA	NA	NA	NA	NA	NA	NA	5.07741018709715	TRUE
NA	NA	NA	NA	NA	NA	NA	NA	NA	NA	4.24743631400661	TRUE
NA	NA	NA	NA	NA	NA	NA	NA	NA	NA	4.24743631400661	TRUE
NA	NA	NA	NA	NA	NA	NA	NA	NA	NA	4.46279041588224	TRUE
NA	NA	NA	NA	NA	NA	NA	NA	NA	NA	4.50077173350862	TRUE
NA	NA	NA	NA	NA	NA	NA	NA	NA	NA	4.61061566880464	TRUE
NA	NA	NA	NA	NA	NA	2.2151587649742	93	0	TRUE	NA	NA
NA	NA	NA	NA	NA	NA	NA	NA	NA	NA	3.97741237255874	TRUE
NA	NA	NA	NA	NA	NA	NA	NA	NA	NA	5.58699461159227	TRUE
NA	NA	NA	NA	NA	NA	NA	NA	NA	NA	4.64727585126419	TRUE
NA	NA	NA	NA	NA	NA	NA	NA	NA	NA	5.45505549666546	TRUE
NA	NA	NA	NA	NA	NA	NA	NA	NA	NA	5.08035265496983	TRUE
NA	NA	NA	NA	NA	NA	NA	NA	NA	NA	4.12655246961343	TRUE
NA	NA	NA	NA	NA	NA	NA	NA	NA	NA	4.12655246961343	TRUE
NA	NA	NA	NA	NA	NA	NA	NA	NA	NA	4.12655246961343	TRUE
NA	NA	NA	NA	NA	NA	NA	NA	NA	NA	4.12655246961343	TRUE
NA	NA	NA	NA	NA	NA	NA	NA	NA	NA	4.12655246961343	TRUE
NA	NA	NA	NA	NA	NA	NA	NA	NA	NA	4.12655246961343	TRUE
NA	NA	NA	NA	NA	NA	NA	NA	NA	NA	5.18208091882962	TRUE
NA	NA	NA	NA	NA	NA	NA	NA	NA	NA	5.18208091882962	TRUE
NA	NA	NA	NA	NA	NA	NA	NA	NA	NA	4.50077173350862	TRUE
NA	NA	NA	NA	NA	NA	NA	NA	NA	NA	4.24743631400661	TRUE
NA	NA	NA	NA	NA	NA	NA	NA	NA	NA	4.10339663653781	TRUE
NA	NA	NA	NA	NA	NA	NA	NA	NA	NA	5.2195101654068	TRUE
NA	NA	NA	NA	NA	NA	2.56220101936446	39	0	TRUE	5.32224940569153	TRUE
NA	NA	NA	NA	NA	NA	NA	NA	NA	NA	5.99449963802953	TRUE
NA	NA	NA	NA	NA	NA	NA	NA	NA	NA	4.53475878401493	TRUE
NA	NA	NA	NA	NA	NA	NA	NA	NA	NA	4.79454293280226	TRUE
NA	NA	NA	NA	NA	NA	NA	NA	NA	NA	4.54279187021571	TRUE
NA	NA	NA	NA	NA	NA	NA	NA	NA	NA	5.3171615826739	TRUE
NA	NA	NA	NA	NA	NA	NA	NA	NA	NA	4.86124339579256	TRUE
NA	NA	NA	NA	NA	NA	NA	NA	NA	NA	5.96447421886965	TRUE
NA	NA	NA	NA	NA	NA	NA	NA	NA	NA	5.45136107457312	TRUE
NA	NA	NA	NA	NA	NA	NA	NA	NA	NA	5.40058298622557	TRUE
NA	NA	NA	NA	NA	NA	2.37625600895341	28	0	TRUE	NA	NA
NA	NA	NA	NA	NA	NA	NA	NA	NA	NA	4.2033760819378	TRUE
NA	NA	NA	NA	NA	NA	NA	NA	NA	NA	4.97643456645888	TRUE
NA	NA	NA	NA	NA	NA	NA	NA	NA	NA	4.97643456645888	TRUE
NA	NA	NA	NA	NA	NA	NA	NA	NA	NA	4.97643456645888	TRUE
NA	NA	NA	NA	NA	NA	NA	NA	NA	NA	5.30874528211507	TRUE
NA	NA	NA	NA	NA	NA	NA	NA	NA	NA	4.97375922393028	TRUE
NA	NA	NA	NA	NA	NA	NA	NA	NA	NA	5.08261047253864	TRUE
NA	NA	NA	NA	NA	NA	NA	NA	NA	NA	5.08261047253864	TRUE
NA	NA	NA	NA	NA	NA	NA	NA	NA	NA	5.08261047253864	TRUE
NA	NA	NA	NA	NA	NA	NA	NA	NA	NA	4.54279187021571	TRUE
NA	NA	NA	NA	NA	NA	NA	NA	NA	NA	5.08261047253864	TRUE
NA	NA	NA	NA	NA	NA	NA	NA	NA	NA	4.37447990136566	TRUE
NA	NA	NA	NA	NA	NA	NA	NA	NA	NA	5.83520029062563	TRUE
NA	NA	NA	NA	NA	NA	NA	NA	NA	NA	4.44103754140642	TRUE
NA	NA	NA	NA	NA	NA	NA	NA	NA	NA	5.55513539544372	TRUE
NA	NA	NA	NA	NA	NA	2.21925838550744	49	0	TRUE	NA	NA
NA	NA	NA	NA	NA	NA	NA	NA	NA	NA	4.92525337517918	TRUE
NA	NA	NA	NA	NA	NA	NA	NA	NA	NA	4.56538047514389	TRUE
NA	NA	NA	NA	NA	NA	NA	NA	NA	NA	5.40687354702487	TRUE
NA	NA	NA	NA	NA	NA	NA	NA	NA	NA	4.8837336296898	TRUE
NA	NA	NA	NA	NA	NA	NA	NA	NA	NA	5.05896656454639	TRUE
NA	NA	NA	NA	NA	NA	NA	NA	NA	NA	4.62280567237611	TRUE
NA	NA	NA	NA	NA	NA	NA	NA	NA	NA	6.04306234193218	TRUE
NA	NA	NA	NA	NA	NA	NA	NA	NA	NA	4.90245318479284	TRUE
NA	NA	NA	NA	NA	NA	NA	NA	NA	NA	5.71452691688188	TRUE
NA	NA	NA	NA	NA	NA	NA	NA	NA	NA	4.49863591480121	TRUE
NA	NA	NA	NA	NA	NA	NA	NA	NA	NA	4.8837336296898	TRUE
NA	NA	NA	NA	NA	NA	NA	NA	NA	NA	4.5417712777623	TRUE
NA	NA	NA	NA	NA	NA	NA	NA	NA	NA	3.96437981881165	TRUE
NA	NA	NA	NA	NA	NA	NA	NA	NA	NA	3.96437981881165	TRUE
NA	NA	NA	NA	NA	NA	NA	NA	NA	NA	4.5417712777623	TRUE
NA	NA	NA	NA	NA	NA	NA	NA	NA	NA	4.5417712777623	TRUE
NA	NA	NA	NA	NA	NA	NA	NA	NA	NA	4.48839395340047	TRUE
NA	NA	NA	NA	NA	NA	NA	NA	NA	NA	5.08261047253864	TRUE
NA	NA	NA	NA	NA	NA	NA	NA	NA	NA	5.45505549666546	TRUE
NA	NA	NA	NA	NA	NA	NA	NA	NA	NA	5.45505549666546	TRUE
NA	NA	NA	NA	NA	NA	NA	NA	NA	NA	5.18612700932985	TRUE
NA	NA	NA	NA	NA	NA	2.41649765770729	74	0	TRUE	6.08007962609585	TRUE
NA	NA	NA	NA	NA	NA	NA	NA	NA	NA	5.45324265320089	TRUE
NA	NA	NA	NA	NA	NA	NA	NA	NA	NA	4.37447990136566	TRUE
NA	NA	NA	NA	NA	NA	2.17529302925289	22	0	TRUE	NA	NA
NA	NA	NA	NA	NA	NA	NA	NA	NA	NA	5.79583459532246	TRUE
NA	NA	NA	NA	NA	NA	NA	NA	NA	NA	4.97375922393028	TRUE
NA	NA	NA	NA	NA	NA	NA	NA	NA	NA	5.04098900745532	TRUE
NA	NA	NA	NA	NA	NA	NA	NA	NA	NA	5.15495626117191	TRUE
NA	NA	NA	NA	NA	NA	NA	NA	NA	NA	4.54279187021571	TRUE
NA	NA	NA	NA	NA	NA	NA	NA	NA	NA	4.55622129878115	TRUE
NA	NA	NA	NA	NA	NA	NA	NA	NA	NA	5.67626838278047	TRUE
NA	NA	NA	NA	NA	NA	NA	NA	NA	NA	3.91200286871031	TRUE
NA	NA	NA	NA	NA	NA	NA	NA	NA	NA	3.91200286871031	TRUE
NA	NA	NA	NA	NA	NA	NA	NA	NA	NA	3.91200286871031	TRUE
NA	NA	NA	NA	NA	NA	NA	NA	NA	NA	3.91200286871031	TRUE
NA	NA	NA	NA	NA	NA	NA	NA	NA	NA	4.75120268397813	TRUE
NA	NA	NA	NA	NA	NA	NA	NA	NA	NA	4.55622129878115	TRUE
NA	NA	NA	NA	NA	NA	NA	NA	NA	NA	4.44572763291145	TRUE
NA	NA	NA	NA	NA	NA	NA	NA	NA	NA	5.146612019746	TRUE
NA	NA	NA	NA	NA	NA	NA	NA	NA	NA	5.146612019746	TRUE
NA	NA	NA	NA	NA	NA	NA	NA	NA	NA	4.31538797789703	TRUE
NA	NA	NA	NA	NA	NA	NA	NA	NA	NA	4.64727585126419	TRUE
NA	NA	NA	NA	NA	NA	NA	NA	NA	NA	4.01725545975038	TRUE
NA	NA	NA	NA	NA	NA	NA	NA	NA	NA	4.680837020466	TRUE
NA	NA	NA	NA	NA	NA	2.84453723781695	21	0	TRUE	NA	NA
NA	NA	NA	NA	NA	NA	2.22002769778237	83	0	TRUE	NA	NA
NA	NA	NA	NA	NA	NA	NA	NA	NA	NA	5.407564159334	TRUE
NA	NA	NA	NA	NA	NA	NA	NA	NA	NA	5.49488732993343	TRUE
NA	NA	NA	NA	NA	NA	NA	NA	NA	NA	4.52079161719979	TRUE
NA	NA	NA	NA	NA	NA	NA	NA	NA	NA	4.52079161719979	TRUE
NA	NA	NA	NA	NA	NA	NA	NA	NA	NA	4.54279187021571	TRUE
NA	NA	NA	NA	NA	NA	NA	NA	NA	NA	5.05896656454639	TRUE
NA	NA	NA	NA	NA	NA	NA	NA	NA	NA	5.05896656454639	TRUE
NA	NA	NA	NA	NA	NA	NA	NA	NA	NA	5.05896656454639	TRUE
NA	NA	NA	NA	NA	NA	NA	NA	NA	NA	4.50077173350862	TRUE
NA	NA	NA	NA	NA	NA	NA	NA	NA	NA	6.04306234193218	TRUE
NA	NA	NA	NA	NA	NA	NA	NA	NA	NA	5.3869197788632	TRUE
NA	NA	NA	NA	NA	NA	NA	NA	NA	NA	4.28771258040993	TRUE
NA	NA	NA	NA	NA	NA	NA	NA	NA	NA	4.28771258040993	TRUE
NA	NA	NA	NA	NA	NA	NA	NA	NA	NA	5.49488732993343	TRUE
NA	NA	NA	NA	NA	NA	NA	NA	NA	NA	5.49488732993343	TRUE
NA	NA	NA	NA	NA	NA	NA	NA	NA	NA	5.79583459532246	TRUE
NA	NA	NA	NA	NA	NA	NA	NA	NA	NA	4.71664019734327	TRUE
NA	NA	NA	NA	NA	NA	NA	NA	NA	NA	5.58699461159227	TRUE
NA	NA	NA	NA	NA	NA	NA	NA	NA	NA	4.8837336296898	TRUE
NA	NA	NA	NA	NA	NA	NA	NA	NA	NA	7.13651341798605	TRUE
NA	NA	NA	NA	NA	NA	NA	NA	NA	NA	4.75120268397813	TRUE
NA	NA	NA	NA	NA	NA	NA	NA	NA	NA	4.75120268397813	TRUE
NA	NA	NA	NA	NA	NA	NA	NA	NA	NA	4.75120268397813	TRUE
NA	NA	NA	NA	NA	NA	NA	NA	NA	NA	4.52766197847841	TRUE
NA	NA	NA	NA	NA	NA	NA	NA	NA	NA	4.52766197847841	TRUE
NA	NA	NA	NA	NA	NA	NA	NA	NA	NA	6.00696610802109	TRUE
NA	NA	NA	NA	NA	NA	NA	NA	NA	NA	5.07741018709715	TRUE
NA	NA	NA	NA	NA	NA	NA	NA	NA	NA	4.59892323614483	TRUE
NA	NA	NA	NA	NA	NA	NA	NA	NA	NA	4.36587547926121	TRUE
NA	NA	NA	NA	NA	NA	NA	NA	NA	NA	4.36587547926121	TRUE
NA	NA	NA	NA	NA	NA	NA	NA	NA	NA	4.36587547926121	TRUE
NA	NA	NA	NA	NA	NA	NA	NA	NA	NA	4.36587547926121	TRUE
NA	NA	NA	NA	NA	NA	NA	NA	NA	NA	5.45324265320089	TRUE
NA	NA	NA	NA	NA	NA	NA	NA	NA	NA	5.45324265320089	TRUE
NA	NA	NA	NA	NA	NA	NA	NA	NA	NA	5.45324265320089	TRUE
NA	NA	NA	NA	NA	NA	NA	NA	NA	NA	5.45324265320089	TRUE
NA	NA	NA	NA	NA	NA	NA	NA	NA	NA	5.12226853102548	TRUE
NA	NA	NA	NA	NA	NA	NA	NA	NA	NA	4.27444254268633	TRUE
NA	NA	NA	NA	NA	NA	NA	NA	NA	NA	4.27444254268633	TRUE
NA	NA	NA	NA	NA	NA	NA	NA	NA	NA	5.30874528211507	TRUE
NA	NA	NA	NA	NA	NA	NA	NA	NA	NA	3.91200286871031	TRUE
NA	NA	NA	NA	NA	NA	NA	NA	NA	NA	4.81232558749372	TRUE
NA	NA	NA	NA	NA	NA	NA	NA	NA	NA	5.83520029062563	TRUE
NA	NA	NA	NA	NA	NA	NA	NA	NA	NA	5.18612700932985	TRUE
NA	NA	NA	NA	NA	NA	NA	NA	NA	NA	5.18612700932985	TRUE
NA	NA	NA	NA	NA	NA	NA	NA	NA	NA	5.52111659443722	TRUE
NA	NA	NA	NA	NA	NA	NA	NA	NA	NA	5.05670475858721	TRUE
NA	NA	NA	NA	NA	NA	NA	NA	NA	NA	5.52118633765667	TRUE
NA	NA	NA	NA	NA	NA	NA	NA	NA	NA	5.25216997062842	TRUE
NA	NA	NA	NA	NA	NA	NA	NA	NA	NA	5.49488732993343	TRUE
NA	NA	NA	NA	NA	NA	NA	NA	NA	NA	5.49488732993343	TRUE
NA	NA	NA	NA	NA	NA	NA	NA	NA	NA	4.81562274710499	TRUE
NA	NA	NA	NA	NA	NA	NA	NA	NA	NA	4.40996851728427	TRUE
NA	NA	NA	NA	NA	NA	NA	NA	NA	NA	4.40996851728427	TRUE
NA	NA	NA	NA	NA	NA	NA	NA	NA	NA	5.02117936734944	TRUE
NA	NA	NA	NA	NA	NA	NA	NA	NA	NA	5.15449673547803	TRUE
NA	NA	NA	NA	NA	NA	NA	NA	NA	NA	5.59679320981971	TRUE
NA	NA	NA	NA	NA	NA	NA	NA	NA	NA	5.06904867733533	TRUE
NA	NA	NA	NA	NA	NA	NA	NA	NA	NA	4.51007256052284	TRUE
NA	NA	NA	NA	NA	NA	NA	NA	NA	NA	5.74270983607772	TRUE
NA	NA	NA	NA	NA	NA	NA	NA	NA	NA	5.74270983607772	TRUE
NA	NA	NA	NA	NA	NA	NA	NA	NA	NA	5.45505549666546	TRUE
NA	NA	NA	NA	NA	NA	NA	NA	NA	NA	5.45505549666546	TRUE
NA	NA	NA	NA	NA	NA	NA	NA	NA	NA	5.05670475858721	TRUE
NA	NA	NA	NA	NA	NA	NA	NA	NA	NA	5.18612700932985	TRUE
NA	NA	NA	NA	NA	NA	NA	NA	NA	NA	4.8199547270863	TRUE
NA	NA	NA	NA	NA	NA	NA	NA	NA	NA	5.15449673547803	TRUE
NA	NA	NA	NA	NA	NA	NA	NA	NA	NA	5.15449673547803	TRUE
NA	NA	NA	NA	NA	NA	NA	NA	NA	NA	5.15449673547803	TRUE
NA	NA	NA	NA	NA	NA	NA	NA	NA	NA	5.15449673547803	TRUE
NA	NA	NA	NA	NA	NA	NA	NA	NA	NA	5.15449673547803	TRUE
NA	NA	NA	NA	NA	NA	NA	NA	NA	NA	4.89364082128669	TRUE
NA	NA	NA	NA	NA	NA	NA	NA	NA	NA	4.89364082128669	TRUE
NA	NA	NA	NA	NA	NA	NA	NA	NA	NA	4.89364082128669	TRUE
NA	NA	NA	NA	NA	NA	NA	NA	NA	NA	4.89364082128669	TRUE
NA	NA	NA	NA	NA	NA	NA	NA	NA	NA	4.89364082128669	TRUE
NA	NA	NA	NA	NA	NA	NA	NA	NA	NA	4.89364082128669	TRUE
NA	NA	NA	NA	NA	NA	NA	NA	NA	NA	4.89364082128669	TRUE
NA	NA	NA	NA	NA	NA	NA	NA	NA	NA	4.89364082128669	TRUE
NA	NA	NA	NA	NA	NA	NA	NA	NA	NA	4.89364082128669	TRUE
NA	NA	NA	NA	NA	NA	NA	NA	NA	NA	4.89364082128669	TRUE
NA	NA	NA	NA	NA	NA	NA	NA	NA	NA	4.89364082128669	TRUE
NA	NA	NA	NA	NA	NA	NA	NA	NA	NA	4.89364082128669	TRUE
NA	NA	NA	NA	NA	NA	NA	NA	NA	NA	4.89364082128669	TRUE
NA	NA	NA	NA	NA	NA	NA	NA	NA	NA	4.89364082128669	TRUE
NA	NA	NA	NA	NA	NA	NA	NA	NA	NA	4.89364082128669	TRUE
NA	NA	NA	NA	NA	NA	NA	NA	NA	NA	4.89364082128669	TRUE
NA	NA	NA	NA	NA	NA	NA	NA	NA	NA	4.89364082128669	TRUE
NA	NA	NA	NA	NA	NA	NA	NA	NA	NA	4.89364082128669	TRUE
NA	NA	NA	NA	NA	NA	NA	NA	NA	NA	4.63278490709535	TRUE
NA	NA	NA	NA	NA	NA	2.33287454067207	52	0	TRUE	NA	NA
NA	NA	NA	NA	NA	NA	2.33287454067207	52	0	TRUE	NA	NA
NA	NA	NA	NA	NA	NA	2.33287454067207	52	0	TRUE	NA	NA
NA	NA	NA	NA	NA	NA	2.33287454067207	52	0	TRUE	NA	NA
NA	NA	NA	NA	NA	NA	NA	NA	NA	NA	4.27863798709567	TRUE
NA	NA	NA	NA	NA	NA	NA	NA	NA	NA	5.47403312570421	TRUE
NA	NA	NA	NA	NA	NA	NA	NA	NA	NA	4.92507273084088	TRUE
NA	NA	NA	NA	NA	NA	NA	NA	NA	NA	4.8837336296898	TRUE
NA	NA	NA	NA	NA	NA	NA	NA	NA	NA	5.40058298622557	TRUE
NA	NA	NA	NA	NA	NA	NA	NA	NA	NA	4.35163971288894	TRUE
NA	NA	NA	NA	NA	NA	NA	NA	NA	NA	4.35163971288894	TRUE
NA	NA	NA	NA	NA	NA	NA	NA	NA	NA	4.35163971288894	TRUE
NA	NA	NA	NA	NA	NA	NA	NA	NA	NA	4.35163971288894	TRUE
NA	NA	NA	NA	NA	NA	NA	NA	NA	NA	4.35163971288894	TRUE
NA	NA	NA	NA	NA	NA	NA	NA	NA	NA	4.35163971288894	TRUE
NA	NA	NA	NA	NA	NA	NA	NA	NA	NA	4.35163971288894	TRUE
NA	NA	NA	NA	NA	NA	NA	NA	NA	NA	4.35163971288894	TRUE
NA	NA	NA	NA	NA	NA	NA	NA	NA	NA	4.35163971288894	TRUE
NA	NA	NA	NA	NA	NA	NA	NA	NA	NA	4.35163971288894	TRUE
NA	NA	NA	NA	NA	NA	NA	NA	NA	NA	4.35163971288894	TRUE
NA	NA	NA	NA	NA	NA	NA	NA	NA	NA	4.35163971288894	TRUE
NA	NA	NA	NA	NA	NA	NA	NA	NA	NA	4.35163971288894	TRUE
NA	NA	NA	NA	NA	NA	NA	NA	NA	NA	4.35163971288894	TRUE
NA	NA	NA	NA	NA	NA	NA	NA	NA	NA	4.35163971288894	TRUE
NA	NA	NA	NA	NA	NA	NA	NA	NA	NA	4.35163971288894	TRUE
NA	NA	NA	NA	NA	NA	NA	NA	NA	NA	4.35163971288894	TRUE
NA	NA	NA	NA	NA	NA	NA	NA	NA	NA	4.35163971288894	TRUE
NA	NA	NA	NA	NA	NA	NA	NA	NA	NA	4.35163971288894	TRUE
NA	NA	NA	NA	NA	NA	NA	NA	NA	NA	4.35163971288894	TRUE
NA	NA	NA	NA	NA	NA	NA	NA	NA	NA	4.35163971288894	TRUE
NA	NA	NA	NA	NA	NA	NA	NA	NA	NA	4.35163971288894	TRUE
NA	NA	NA	NA	NA	NA	NA	NA	NA	NA	4.35163971288894	TRUE
NA	NA	NA	NA	NA	NA	NA	NA	NA	NA	4.35163971288894	TRUE
NA	NA	NA	NA	NA	NA	NA	NA	NA	NA	4.35163971288894	TRUE
NA	NA	NA	NA	NA	NA	NA	NA	NA	NA	4.35163971288894	TRUE
NA	NA	NA	NA	NA	NA	NA	NA	NA	NA	4.35163971288894	TRUE
NA	NA	NA	NA	NA	NA	NA	NA	NA	NA	4.35163971288894	TRUE
NA	NA	NA	NA	NA	NA	NA	NA	NA	NA	4.35163971288894	TRUE
NA	NA	NA	NA	NA	NA	NA	NA	NA	NA	4.35163971288894	TRUE
NA	NA	NA	NA	NA	NA	NA	NA	NA	NA	4.35163971288894	TRUE
NA	NA	NA	NA	NA	NA	NA	NA	NA	NA	4.35163971288894	TRUE
NA	NA	NA	NA	NA	NA	NA	NA	NA	NA	4.35163971288894	TRUE
NA	NA	NA	NA	NA	NA	NA	NA	NA	NA	4.35163971288894	TRUE
NA	NA	NA	NA	NA	NA	NA	NA	NA	NA	4.35163971288894	TRUE
NA	NA	NA	NA	NA	NA	NA	NA	NA	NA	4.35163971288894	TRUE
NA	NA	NA	NA	NA	NA	NA	NA	NA	NA	4.35163971288894	TRUE
NA	NA	NA	NA	NA	NA	NA	NA	NA	NA	4.35163971288894	TRUE
NA	NA	NA	NA	NA	NA	NA	NA	NA	NA	4.35163971288894	TRUE
NA	NA	NA	NA	NA	NA	NA	NA	NA	NA	4.35163971288894	TRUE
NA	NA	NA	NA	NA	NA	NA	NA	NA	NA	4.35163971288894	TRUE
NA	NA	NA	NA	NA	NA	NA	NA	NA	NA	4.35163971288894	TRUE
NA	NA	NA	NA	NA	NA	NA	NA	NA	NA	4.35163971288894	TRUE
NA	NA	NA	NA	NA	NA	NA	NA	NA	NA	4.35163971288894	TRUE
NA	NA	NA	NA	NA	NA	NA	NA	NA	NA	4.35163971288894	TRUE
NA	NA	NA	NA	NA	NA	NA	NA	NA	NA	4.35163971288894	TRUE
NA	NA	NA	NA	NA	NA	NA	NA	NA	NA	4.35163971288894	TRUE
NA	NA	NA	NA	NA	NA	NA	NA	NA	NA	4.35163971288894	TRUE
NA	NA	NA	NA	NA	NA	NA	NA	NA	NA	4.35163971288894	TRUE
NA	NA	NA	NA	NA	NA	NA	NA	NA	NA	4.35163971288894	TRUE
NA	NA	NA	NA	NA	NA	NA	NA	NA	NA	4.35163971288894	TRUE
NA	NA	NA	NA	NA	NA	NA	NA	NA	NA	4.35163971288894	TRUE
NA	NA	NA	NA	NA	NA	NA	NA	NA	NA	4.82968256568562	TRUE
NA	NA	NA	NA	NA	NA	NA	NA	NA	NA	4.62280567237611	TRUE
NA	NA	NA	NA	NA	NA	2.21809741408834	102	0	TRUE	5.89899694735342	TRUE
NA	NA	NA	NA	NA	NA	NA	NA	NA	NA	5.2195101654068	TRUE
NA	NA	NA	NA	NA	NA	NA	NA	NA	NA	6.05700756077548	TRUE
NA	NA	NA	NA	NA	NA	NA	NA	NA	NA	6.05700756077548	TRUE
NA	NA	NA	NA	NA	NA	NA	NA	NA	NA	5.18612700932985	TRUE
NA	NA	NA	NA	NA	NA	NA	NA	NA	NA	5.18612700932985	TRUE
NA	NA	NA	NA	NA	NA	NA	NA	NA	NA	5.18612700932985	TRUE
NA	NA	NA	NA	NA	NA	NA	NA	NA	NA	5.18612700932985	TRUE
NA	NA	NA	NA	NA	NA	NA	NA	NA	NA	5.18612700932985	TRUE
NA	NA	NA	NA	NA	NA	NA	NA	NA	NA	4.54279187021571	TRUE
NA	NA	NA	NA	NA	NA	NA	NA	NA	NA	4.54279187021571	TRUE
NA	NA	NA	NA	NA	NA	NA	NA	NA	NA	5.18612700932985	TRUE
NA	NA	NA	NA	NA	NA	NA	NA	NA	NA	4.56484978780453	TRUE
NA	NA	NA	NA	NA	NA	NA	NA	NA	NA	5.18612700932985	TRUE
NA	NA	NA	NA	NA	NA	NA	NA	NA	NA	4.86124339579256	TRUE
NA	NA	NA	NA	NA	NA	NA	NA	NA	NA	4.60489419710685	TRUE
